TRAVEL_ID,GENDER,AGE_GRP,FCLTY_ID,FCLTY_NM,CTGRY_ONE_NM,CTGRY_TWO_NM,CTGRY_THREE_NM,DGSTFN
h_h000009,남,40,1,9.81파크,문화관광/명소,관광지,테마공원/대형놀이공원,5.0
h_h000172,남,20,1,9.81파크,문화관광/명소,관광지,테마공원/대형놀이공원,5.0
h_h000203,남,20,1,9.81파크,문화관광/명소,관광지,테마공원/대형놀이공원,5.0
h_h000233,여,30,1,9.81파크,문화관광/명소,관광지,테마공원/대형놀이공원,5.0
h_h000263,여,40,1,9.81파크,문화관광/명소,관광지,테마공원/대형놀이공원,5.0
h_h000456,여,30,1,9.81파크,문화관광/명소,관광지,테마공원/대형놀이공원,5.0
h_h000620,남,20,1,9.81파크,문화관광/명소,관광지,테마공원/대형놀이공원,5.0
h_h000707,여,20,1,9.81파크,문화관광/명소,관광지,테마공원/대형놀이공원,5.0
h_h000782,남,30,1,9.81파크,문화관광/명소,관광지,테마공원/대형놀이공원,5.0
h_h000826,여,30,1,9.81파크,문화관광/명소,관광지,테마공원/대형놀이공원,5.0
h_h000866,남,20,1,9.81파크,문화관광/명소,관광지,테마공원/대형놀이공원,5.0
h_h001034,여,20,1,9.81파크,문화관광/명소,관광지,테마공원/대형놀이공원,5.0
h_h001250,남,30,1,9.81파크,문화관광/명소,관광지,테마공원/대형놀이공원,4.0
h_h001258,여,30,1,9.81파크,문화관광/명소,관광지,테마공원/대형놀이공원,4.0
h_h001279,여,20,1,9.81파크,문화관광/명소,관광지,테마공원/대형놀이공원,5.0
h_h001451,여,20,1,9.81파크,문화관광/명소,관광지,테마공원/대형놀이공원,5.0
h_h001462,여,20,1,9.81파크,문화관광/명소,관광지,테마공원/대형놀이공원,4.0
h_h001502,여,20,1,9.81파크,문화관광/명소,관광지,테마공원/대형놀이공원,5.0
h_h001570,여,20,1,9.81파크,문화관광/명소,관광지,테마공원/대형놀이공원,5.0
h_h001726,여,30,1,9.81파크,문화관광/명소,관광지,테마공원/대형놀이공원,5.0
h_h001752,남,30,1,9.81파크,문화관광/명소,관광지,테마공원/대형놀이공원,2.0
h_h001919,여,30,1,9.81파크,문화관광/명소,관광지,테마공원/대형놀이공원,5.0
h_h002000,여,20,1,9.81파크,문화관광/명소,관광지,테마공원/대형놀이공원,4.0
h_h002039,여,40,1,9.81파크,문화관광/명소,관광지,테마공원/대형놀이공원,4.0
h_h002195,남,50,1,9.81파크,문화관광/명소,관광지,테마공원/대형놀이공원,3.0
h_h002203,남,50,1,9.81파크,문화관광/명소,관광지,테마공원/대형놀이공원,5.0
h_h002291,여,40,1,9.81파크,문화관광/명소,관광지,테마공원/대형놀이공원,5.0
h_h002389,여,20,1,9.81파크,문화관광/명소,관광지,테마공원/대형놀이공원,5.0
h_h002476,남,40,1,9.81파크,문화관광/명소,관광지,테마공원/대형놀이공원,3.0
h_h002592,남,50,1,9.81파크,문화관광/명소,관광지,테마공원/대형놀이공원,5.0
h_h002633,남,20,1,9.81파크,문화관광/명소,관광지,테마공원/대형놀이공원,5.0
h_h002656,여,30,1,9.81파크,문화관광/명소,관광지,테마공원/대형놀이공원,5.0
h_h002657,여,30,1,9.81파크,문화관광/명소,관광지,테마공원/대형놀이공원,5.0
h_h002713,여,50,1,9.81파크,문화관광/명소,관광지,테마공원/대형놀이공원,5.0
h_h002768,여,50,1,9.81파크,문화관광/명소,관광지,테마공원/대형놀이공원,4.0
h_h002842,여,20,1,9.81파크,문화관광/명소,관광지,테마공원/대형놀이공원,5.0
h_h002842,여,20,1,9.81파크,문화관광/명소,관광지,테마공원/대형놀이공원,5.0
h_h003012,남,20,1,9.81파크,문화관광/명소,관광지,테마공원/대형놀이공원,5.0
h_h003036,남,20,1,9.81파크,문화관광/명소,관광지,테마공원/대형놀이공원,4.0
h_h003038,여,40,1,9.81파크,문화관광/명소,관광지,테마공원/대형놀이공원,4.0
h_h003191,여,20,1,9.81파크,문화관광/명소,관광지,테마공원/대형놀이공원,4.0
h_h003204,남,30,1,9.81파크,문화관광/명소,관광지,테마공원/대형놀이공원,5.0
h_h003217,남,20,1,9.81파크,문화관광/명소,관광지,테마공원/대형놀이공원,5.0
h_h003531,여,20,1,9.81파크,문화관광/명소,관광지,테마공원/대형놀이공원,4.0
h_h003536,남,20,1,9.81파크,문화관광/명소,관광지,테마공원/대형놀이공원,5.0
h_h003567,남,30,1,9.81파크,문화관광/명소,관광지,테마공원/대형놀이공원,5.0
h_h003702,여,30,1,9.81파크,문화관광/명소,관광지,테마공원/대형놀이공원,5.0
h_h003731,남,30,1,9.81파크,문화관광/명소,관광지,테마공원/대형놀이공원,4.0
h_h003871,여,20,1,9.81파크,문화관광/명소,관광지,테마공원/대형놀이공원,3.0
h_h003906,여,20,1,9.81파크,문화관광/명소,관광지,테마공원/대형놀이공원,5.0
h_h003978,여,40,1,9.81파크,문화관광/명소,관광지,테마공원/대형놀이공원,3.0
h_h004207,남,20,1,9.81파크,문화관광/명소,관광지,테마공원/대형놀이공원,4.0
h_h004233,여,20,1,9.81파크,문화관광/명소,관광지,테마공원/대형놀이공원,5.0
h_h004573,여,20,1,9.81파크,문화관광/명소,관광지,테마공원/대형놀이공원,5.0
h_h005161,여,20,1,9.81파크,문화관광/명소,관광지,테마공원/대형놀이공원,5.0
h_h005212,여,20,1,9.81파크,문화관광/명소,관광지,테마공원/대형놀이공원,5.0
h_h005308,여,30,1,9.81파크,문화관광/명소,관광지,테마공원/대형놀이공원,4.0
h_h005369,남,20,1,9.81파크,문화관광/명소,관광지,테마공원/대형놀이공원,5.0
h_h005433,남,20,1,9.81파크,문화관광/명소,관광지,테마공원/대형놀이공원,4.0
h_h005680,여,30,1,9.81파크,문화관광/명소,관광지,테마공원/대형놀이공원,3.0
h_h005746,남,30,1,9.81파크,문화관광/명소,관광지,테마공원/대형놀이공원,4.0
h_h006539,여,30,1,9.81파크,문화관광/명소,관광지,테마공원/대형놀이공원,5.0
h_h000138,남,40,8,강창학종합경기장,레저/체육/공원,대형체육시설,종합운동장컴플렉스,3.0
h_h005014,여,20,10,갤러리2중선농원,전시/공연,전시/기념관,기타전시/박물관,5.0
h_h000620,남,20,12,건강과성박물관,전시/공연,전시/기념관,기타전시/박물관,4.0
h_h001301,여,30,12,건강과성박물관,전시/공연,전시/기념관,기타전시/박물관,4.0
h_h001784,여,40,12,건강과성박물관,전시/공연,전시/기념관,기타전시/박물관,5.0
h_h002099,남,20,12,건강과성박물관,전시/공연,전시/기념관,기타전시/박물관,3.0
h_h002208,남,40,12,건강과성박물관,전시/공연,전시/기념관,기타전시/박물관,3.0
h_h002549,남,30,12,건강과성박물관,전시/공연,전시/기념관,기타전시/박물관,5.0
h_h003123,여,20,12,건강과성박물관,전시/공연,전시/기념관,기타전시/박물관,3.0
h_h003346,여,20,12,건강과성박물관,전시/공연,전시/기념관,기타전시/박물관,4.0
h_h003722,남,50,12,건강과성박물관,전시/공연,전시/기념관,기타전시/박물관,4.0
h_h004219,남,20,12,건강과성박물관,전시/공연,전시/기념관,기타전시/박물관,5.0
h_h005271,여,20,12,건강과성박물관,전시/공연,전시/기념관,기타전시/박물관,2.0
h_h005428,여,20,12,건강과성박물관,전시/공연,전시/기념관,기타전시/박물관,5.0
h_h005884,남,30,12,건강과성박물관,전시/공연,전시/기념관,기타전시/박물관,4.0
h_h000037,남,40,19,고흐의정원,문화관광/명소,관광지,테마공원/대형놀이공원,5.0
h_h000537,여,50,19,고흐의정원,문화관광/명소,관광지,테마공원/대형놀이공원,4.0
h_h000645,여,30,19,고흐의정원,문화관광/명소,관광지,테마공원/대형놀이공원,5.0
h_h000683,여,40,19,고흐의정원,문화관광/명소,관광지,테마공원/대형놀이공원,5.0
h_h000756,여,40,19,고흐의정원,문화관광/명소,관광지,테마공원/대형놀이공원,4.0
h_h000834,여,20,19,고흐의정원,문화관광/명소,관광지,테마공원/대형놀이공원,5.0
h_h001299,여,40,19,고흐의정원,문화관광/명소,관광지,테마공원/대형놀이공원,5.0
h_h002549,남,30,19,고흐의정원,문화관광/명소,관광지,테마공원/대형놀이공원,5.0
h_h003266,남,40,19,고흐의정원,문화관광/명소,관광지,테마공원/대형놀이공원,5.0
h_h006517,남,30,19,고흐의정원,문화관광/명소,관광지,테마공원/대형놀이공원,4.0
h_h000222,여,30,24,교래자연휴양림,문화관광/명소,관광지,휴양림/수목원,5.0
h_h000703,여,30,24,교래자연휴양림,문화관광/명소,관광지,휴양림/수목원,4.0
h_h000772,여,40,24,교래자연휴양림,문화관광/명소,관광지,휴양림/수목원,5.0
h_h001076,여,30,24,교래자연휴양림,문화관광/명소,관광지,휴양림/수목원,5.0
h_h001620,여,30,24,교래자연휴양림,문화관광/명소,관광지,휴양림/수목원,5.0
h_h002050,남,30,24,교래자연휴양림,문화관광/명소,관광지,휴양림/수목원,5.0
h_h000047,여,50,26,국립제주박물관,전시/공연,전시/기념관,대형전시/박물관,5.0
h_h000232,여,50,26,국립제주박물관,전시/공연,전시/기념관,대형전시/박물관,5.0
h_h000453,여,30,26,국립제주박물관,전시/공연,전시/기념관,대형전시/박물관,5.0
h_h001167,여,40,26,국립제주박물관,전시/공연,전시/기념관,대형전시/박물관,4.0
h_h001207,남,40,26,국립제주박물관,전시/공연,전시/기념관,대형전시/박물관,5.0
h_h001257,여,50,26,국립제주박물관,전시/공연,전시/기념관,대형전시/박물관,5.0
h_h001433,남,50,26,국립제주박물관,전시/공연,전시/기념관,대형전시/박물관,5.0
h_h001541,여,40,26,국립제주박물관,전시/공연,전시/기념관,대형전시/박물관,5.0
h_h001612,남,40,26,국립제주박물관,전시/공연,전시/기념관,대형전시/박물관,5.0
h_h001726,여,30,26,국립제주박물관,전시/공연,전시/기념관,대형전시/박물관,3.0
h_h001737,남,20,26,국립제주박물관,전시/공연,전시/기념관,대형전시/박물관,5.0
h_h001905,여,40,26,국립제주박물관,전시/공연,전시/기념관,대형전시/박물관,4.0
h_h002442,여,30,26,국립제주박물관,전시/공연,전시/기념관,대형전시/박물관,5.0
h_h002570,여,20,26,국립제주박물관,전시/공연,전시/기념관,대형전시/박물관,5.0
h_h002658,남,40,26,국립제주박물관,전시/공연,전시/기념관,대형전시/박물관,4.0
h_h003556,여,20,26,국립제주박물관,전시/공연,전시/기념관,대형전시/박물관,5.0
h_h003578,여,30,26,국립제주박물관,전시/공연,전시/기념관,대형전시/박물관,5.0
h_h003895,여,20,26,국립제주박물관,전시/공연,전시/기념관,대형전시/박물관,4.0
h_h004154,남,20,26,국립제주박물관,전시/공연,전시/기념관,대형전시/박물관,4.0
h_h005058,남,30,26,국립제주박물관,전시/공연,전시/기념관,대형전시/박물관,5.0
h_h005311,여,30,26,국립제주박물관,전시/공연,전시/기념관,대형전시/박물관,5.0
h_h005441,남,50,26,국립제주박물관,전시/공연,전시/기념관,대형전시/박물관,5.0
h_h005624,여,30,26,국립제주박물관,전시/공연,전시/기념관,대형전시/박물관,5.0
h_h006286,여,30,26,국립제주박물관,전시/공연,전시/기념관,대형전시/박물관,5.0
h_h006398,남,50,26,국립제주박물관,전시/공연,전시/기념관,대형전시/박물관,5.0
h_h006597,여,40,26,국립제주박물관,전시/공연,전시/기념관,대형전시/박물관,4.0
h_h006638,여,50,26,국립제주박물관,전시/공연,전시/기념관,대형전시/박물관,5.0
h_h006694,남,30,26,국립제주박물관,전시/공연,전시/기념관,대형전시/박물관,4.0
h_h000013,남,40,28,국제리더스클럽,레저/체육/공원,대형레저시설,요트장,3.0
h_h000014,여,20,28,국제리더스클럽,레저/체육/공원,대형레저시설,요트장,5.0
h_h000585,남,30,28,국제리더스클럽,레저/체육/공원,대형레저시설,요트장,5.0
h_h001207,남,40,28,국제리더스클럽,레저/체육/공원,대형레저시설,요트장,5.0
h_h002540,여,20,28,국제리더스클럽,레저/체육/공원,대형레저시설,요트장,5.0
h_h003703,여,30,28,국제리더스클럽,레저/체육/공원,대형레저시설,요트장,5.0
h_h002656,여,30,30,그리스신화박물관,전시/공연,전시/기념관,기타전시/박물관,4.0
h_h002659,여,30,30,그리스신화박물관,전시/공연,전시/기념관,기타전시/박물관,3.0
h_h005492,여,40,30,그리스신화박물관,전시/공연,전시/기념관,기타전시/박물관,3.0
h_h003675,여,20,32,금능석물원,문화관광/명소,관광지,식물원,3.0
h_h000009,남,40,33,금능해수욕장,문화관광/명소,관광지,해수욕장,5.0
h_h000020,여,50,33,금능해수욕장,문화관광/명소,관광지,해수욕장,5.0
h_h000047,여,50,33,금능해수욕장,문화관광/명소,관광지,해수욕장,5.0
h_h000058,여,30,33,금능해수욕장,문화관광/명소,관광지,해수욕장,5.0
h_h000086,여,30,33,금능해수욕장,문화관광/명소,관광지,해수욕장,5.0
h_h000098,남,20,33,금능해수욕장,문화관광/명소,관광지,해수욕장,5.0
h_h000158,남,50,33,금능해수욕장,문화관광/명소,관광지,해수욕장,4.0
h_h000179,여,40,33,금능해수욕장,문화관광/명소,관광지,해수욕장,5.0
h_h000186,여,40,33,금능해수욕장,문화관광/명소,관광지,해수욕장,4.0
h_h000222,여,30,33,금능해수욕장,문화관광/명소,관광지,해수욕장,4.0
h_h000238,남,30,33,금능해수욕장,문화관광/명소,관광지,해수욕장,3.0
h_h000319,여,30,33,금능해수욕장,문화관광/명소,관광지,해수욕장,5.0
h_h000324,여,20,33,금능해수욕장,문화관광/명소,관광지,해수욕장,5.0
h_h000346,여,50,33,금능해수욕장,문화관광/명소,관광지,해수욕장,5.0
h_h000353,여,30,33,금능해수욕장,문화관광/명소,관광지,해수욕장,5.0
h_h000453,여,30,33,금능해수욕장,문화관광/명소,관광지,해수욕장,5.0
h_h000453,여,30,33,금능해수욕장,문화관광/명소,관광지,해수욕장,5.0
h_h000464,여,50,33,금능해수욕장,문화관광/명소,관광지,해수욕장,5.0
h_h000481,여,20,33,금능해수욕장,문화관광/명소,관광지,해수욕장,5.0
h_h000531,여,30,33,금능해수욕장,문화관광/명소,관광지,해수욕장,5.0
h_h000585,남,30,33,금능해수욕장,문화관광/명소,관광지,해수욕장,4.0
h_h000620,남,20,33,금능해수욕장,문화관광/명소,관광지,해수욕장,4.0
h_h000620,남,20,33,금능해수욕장,문화관광/명소,관광지,해수욕장,4.0
h_h000624,여,30,33,금능해수욕장,문화관광/명소,관광지,해수욕장,5.0
h_h000624,여,30,33,금능해수욕장,문화관광/명소,관광지,해수욕장,5.0
h_h000723,여,30,33,금능해수욕장,문화관광/명소,관광지,해수욕장,5.0
h_h000739,여,40,33,금능해수욕장,문화관광/명소,관광지,해수욕장,5.0
h_h000739,여,40,33,금능해수욕장,문화관광/명소,관광지,해수욕장,5.0
h_h000739,여,40,33,금능해수욕장,문화관광/명소,관광지,해수욕장,5.0
h_h000768,여,50,33,금능해수욕장,문화관광/명소,관광지,해수욕장,4.0
h_h000794,여,40,33,금능해수욕장,문화관광/명소,관광지,해수욕장,5.0
h_h000815,남,50,33,금능해수욕장,문화관광/명소,관광지,해수욕장,4.0
h_h000831,여,40,33,금능해수욕장,문화관광/명소,관광지,해수욕장,5.0
h_h000874,여,40,33,금능해수욕장,문화관광/명소,관광지,해수욕장,5.0
h_h000874,여,40,33,금능해수욕장,문화관광/명소,관광지,해수욕장,5.0
h_h000899,여,50,33,금능해수욕장,문화관광/명소,관광지,해수욕장,4.0
h_h000914,여,20,33,금능해수욕장,문화관광/명소,관광지,해수욕장,4.0
h_h000920,여,30,33,금능해수욕장,문화관광/명소,관광지,해수욕장,3.0
h_h001125,여,30,33,금능해수욕장,문화관광/명소,관광지,해수욕장,5.0
h_h001301,여,30,33,금능해수욕장,문화관광/명소,관광지,해수욕장,5.0
h_h001406,여,40,33,금능해수욕장,문화관광/명소,관광지,해수욕장,4.0
h_h001462,여,20,33,금능해수욕장,문화관광/명소,관광지,해수욕장,4.0
h_h001481,남,30,33,금능해수욕장,문화관광/명소,관광지,해수욕장,4.0
h_h001491,여,20,33,금능해수욕장,문화관광/명소,관광지,해수욕장,5.0
h_h001526,남,30,33,금능해수욕장,문화관광/명소,관광지,해수욕장,5.0
h_h001607,남,40,33,금능해수욕장,문화관광/명소,관광지,해수욕장,5.0
h_h001688,여,40,33,금능해수욕장,문화관광/명소,관광지,해수욕장,4.0
h_h001742,여,40,33,금능해수욕장,문화관광/명소,관광지,해수욕장,5.0
h_h001752,남,30,33,금능해수욕장,문화관광/명소,관광지,해수욕장,5.0
h_h001849,여,40,33,금능해수욕장,문화관광/명소,관광지,해수욕장,5.0
h_h002014,여,20,33,금능해수욕장,문화관광/명소,관광지,해수욕장,5.0
h_h002042,여,40,33,금능해수욕장,문화관광/명소,관광지,해수욕장,5.0
h_h002182,여,20,33,금능해수욕장,문화관광/명소,관광지,해수욕장,5.0
h_h002195,남,50,33,금능해수욕장,문화관광/명소,관광지,해수욕장,4.0
h_h002196,여,30,33,금능해수욕장,문화관광/명소,관광지,해수욕장,4.0
h_h002308,여,40,33,금능해수욕장,문화관광/명소,관광지,해수욕장,5.0
h_h002308,여,40,33,금능해수욕장,문화관광/명소,관광지,해수욕장,5.0
h_h002327,남,40,33,금능해수욕장,문화관광/명소,관광지,해수욕장,2.0
h_h002378,남,30,33,금능해수욕장,문화관광/명소,관광지,해수욕장,5.0
h_h002466,여,30,33,금능해수욕장,문화관광/명소,관광지,해수욕장,5.0
h_h002466,여,30,33,금능해수욕장,문화관광/명소,관광지,해수욕장,5.0
h_h002492,남,30,33,금능해수욕장,문화관광/명소,관광지,해수욕장,5.0
h_h002533,여,30,33,금능해수욕장,문화관광/명소,관광지,해수욕장,4.0
h_h002545,남,30,33,금능해수욕장,문화관광/명소,관광지,해수욕장,5.0
h_h002555,여,20,33,금능해수욕장,문화관광/명소,관광지,해수욕장,5.0
h_h002565,여,30,33,금능해수욕장,문화관광/명소,관광지,해수욕장,5.0
h_h002632,남,30,33,금능해수욕장,문화관광/명소,관광지,해수욕장,5.0
h_h002684,남,40,33,금능해수욕장,문화관광/명소,관광지,해수욕장,4.0
h_h002713,여,50,33,금능해수욕장,문화관광/명소,관광지,해수욕장,4.0
h_h002730,남,30,33,금능해수욕장,문화관광/명소,관광지,해수욕장,4.0
h_h003038,여,40,33,금능해수욕장,문화관광/명소,관광지,해수욕장,5.0
h_h003038,여,40,33,금능해수욕장,문화관광/명소,관광지,해수욕장,5.0
h_h003148,남,20,33,금능해수욕장,문화관광/명소,관광지,해수욕장,4.0
h_h003217,남,20,33,금능해수욕장,문화관광/명소,관광지,해수욕장,4.0
h_h003347,남,30,33,금능해수욕장,문화관광/명소,관광지,해수욕장,5.0
h_h003389,여,50,33,금능해수욕장,문화관광/명소,관광지,해수욕장,5.0
h_h003496,여,20,33,금능해수욕장,문화관광/명소,관광지,해수욕장,4.0
h_h003531,여,20,33,금능해수욕장,문화관광/명소,관광지,해수욕장,4.0
h_h003642,여,30,33,금능해수욕장,문화관광/명소,관광지,해수욕장,5.0
h_h003744,여,20,33,금능해수욕장,문화관광/명소,관광지,해수욕장,4.0
h_h003763,여,60,33,금능해수욕장,문화관광/명소,관광지,해수욕장,5.0
h_h004106,여,20,33,금능해수욕장,문화관광/명소,관광지,해수욕장,4.0
h_h004154,남,20,33,금능해수욕장,문화관광/명소,관광지,해수욕장,5.0
h_h004179,남,30,33,금능해수욕장,문화관광/명소,관광지,해수욕장,5.0
h_h004225,여,30,33,금능해수욕장,문화관광/명소,관광지,해수욕장,5.0
h_h004226,여,30,33,금능해수욕장,문화관광/명소,관광지,해수욕장,4.0
h_h004315,여,30,33,금능해수욕장,문화관광/명소,관광지,해수욕장,4.0
h_h004363,남,30,33,금능해수욕장,문화관광/명소,관광지,해수욕장,4.0
h_h004411,남,30,33,금능해수욕장,문화관광/명소,관광지,해수욕장,4.0
h_h004523,남,20,33,금능해수욕장,문화관광/명소,관광지,해수욕장,5.0
h_h004654,여,30,33,금능해수욕장,문화관광/명소,관광지,해수욕장,5.0
h_h004703,남,20,33,금능해수욕장,문화관광/명소,관광지,해수욕장,3.0
h_h004845,남,20,33,금능해수욕장,문화관광/명소,관광지,해수욕장,5.0
h_h004977,남,50,33,금능해수욕장,문화관광/명소,관광지,해수욕장,5.0
h_h005058,남,30,33,금능해수욕장,문화관광/명소,관광지,해수욕장,5.0
h_h005217,남,30,33,금능해수욕장,문화관광/명소,관광지,해수욕장,3.0
h_h005238,여,30,33,금능해수욕장,문화관광/명소,관광지,해수욕장,4.0
h_h005245,여,20,33,금능해수욕장,문화관광/명소,관광지,해수욕장,5.0
h_h005342,여,30,33,금능해수욕장,문화관광/명소,관광지,해수욕장,4.0
h_h005798,여,20,33,금능해수욕장,문화관광/명소,관광지,해수욕장,5.0
h_h005857,남,30,33,금능해수욕장,문화관광/명소,관광지,해수욕장,5.0
h_h006635,남,50,33,금능해수욕장,문화관광/명소,관광지,해수욕장,5.0
h_h000021,남,40,36,기당미술관,전시/공연,전시/기념관,미술관,4.0
h_h000057,여,30,36,기당미술관,전시/공연,전시/기념관,미술관,5.0
h_h001441,여,30,36,기당미술관,전시/공연,전시/기념관,미술관,5.0
h_h001705,여,60,36,기당미술관,전시/공연,전시/기념관,미술관,4.0
h_h002549,남,30,36,기당미술관,전시/공연,전시/기념관,미술관,5.0
h_h003264,남,40,36,기당미술관,전시/공연,전시/기념관,미술관,5.0
h_h003272,여,50,36,기당미술관,전시/공연,전시/기념관,미술관,4.0
h_h000053,여,30,37,김녕미로공원,문화관광/명소,관광지,유명관광지,5.0
h_h000093,여,30,37,김녕미로공원,문화관광/명소,관광지,유명관광지,4.0
h_h000104,여,30,37,김녕미로공원,문화관광/명소,관광지,유명관광지,5.0
h_h000192,여,40,37,김녕미로공원,문화관광/명소,관광지,유명관광지,5.0
h_h000212,여,40,37,김녕미로공원,문화관광/명소,관광지,유명관광지,5.0
h_h000536,여,20,37,김녕미로공원,문화관광/명소,관광지,유명관광지,5.0
h_h000691,남,40,37,김녕미로공원,문화관광/명소,관광지,유명관광지,3.0
h_h000756,여,40,37,김녕미로공원,문화관광/명소,관광지,유명관광지,4.0
h_h000760,여,50,37,김녕미로공원,문화관광/명소,관광지,유명관광지,4.0
h_h000800,여,40,37,김녕미로공원,문화관광/명소,관광지,유명관광지,5.0
h_h000819,여,30,37,김녕미로공원,문화관광/명소,관광지,유명관광지,4.0
h_h000914,여,20,37,김녕미로공원,문화관광/명소,관광지,유명관광지,5.0
h_h001091,여,40,37,김녕미로공원,문화관광/명소,관광지,유명관광지,5.0
h_h001543,여,50,37,김녕미로공원,문화관광/명소,관광지,유명관광지,4.0
h_h002163,여,30,37,김녕미로공원,문화관광/명소,관광지,유명관광지,4.0
h_h002533,여,30,37,김녕미로공원,문화관광/명소,관광지,유명관광지,5.0
h_h002631,남,20,39,김녕요트투어,레저/체육/공원,대형레저시설,요트장,5.0
h_h002778,여,20,39,김녕요트투어,레저/체육/공원,대형레저시설,요트장,5.0
h_h002792,여,40,39,김녕요트투어,레저/체육/공원,대형레저시설,요트장,3.0
h_h000043,여,30,40,김녕해수욕장,문화관광/명소,관광지,해수욕장,4.0
h_h000192,여,40,40,김녕해수욕장,문화관광/명소,관광지,해수욕장,5.0
h_h000263,여,40,40,김녕해수욕장,문화관광/명소,관광지,해수욕장,5.0
h_h000271,여,30,40,김녕해수욕장,문화관광/명소,관광지,해수욕장,4.0
h_h000276,남,50,40,김녕해수욕장,문화관광/명소,관광지,해수욕장,5.0
h_h000280,여,30,40,김녕해수욕장,문화관광/명소,관광지,해수욕장,5.0
h_h000304,여,40,40,김녕해수욕장,문화관광/명소,관광지,해수욕장,4.0
h_h000553,여,30,40,김녕해수욕장,문화관광/명소,관광지,해수욕장,5.0
h_h000553,여,30,40,김녕해수욕장,문화관광/명소,관광지,해수욕장,5.0
h_h000597,여,50,40,김녕해수욕장,문화관광/명소,관광지,해수욕장,5.0
h_h000602,남,30,40,김녕해수욕장,문화관광/명소,관광지,해수욕장,5.0
h_h000603,여,40,40,김녕해수욕장,문화관광/명소,관광지,해수욕장,5.0
h_h000660,남,20,40,김녕해수욕장,문화관광/명소,관광지,해수욕장,5.0
h_h000667,여,40,40,김녕해수욕장,문화관광/명소,관광지,해수욕장,5.0
h_h000691,남,40,40,김녕해수욕장,문화관광/명소,관광지,해수욕장,3.0
h_h000734,여,20,40,김녕해수욕장,문화관광/명소,관광지,해수욕장,5.0
h_h000759,여,30,40,김녕해수욕장,문화관광/명소,관광지,해수욕장,4.0
h_h000765,남,40,40,김녕해수욕장,문화관광/명소,관광지,해수욕장,4.0
h_h000917,남,40,40,김녕해수욕장,문화관광/명소,관광지,해수욕장,4.0
h_h000917,남,40,40,김녕해수욕장,문화관광/명소,관광지,해수욕장,4.0
h_h000922,남,30,40,김녕해수욕장,문화관광/명소,관광지,해수욕장,4.0
h_h001025,남,50,40,김녕해수욕장,문화관광/명소,관광지,해수욕장,5.0
h_h001129,남,20,40,김녕해수욕장,문화관광/명소,관광지,해수욕장,5.0
h_h001152,남,20,40,김녕해수욕장,문화관광/명소,관광지,해수욕장,5.0
h_h001257,여,50,40,김녕해수욕장,문화관광/명소,관광지,해수욕장,5.0
h_h001276,남,30,40,김녕해수욕장,문화관광/명소,관광지,해수욕장,4.0
h_h001309,여,30,40,김녕해수욕장,문화관광/명소,관광지,해수욕장,5.0
h_h001317,여,20,40,김녕해수욕장,문화관광/명소,관광지,해수욕장,5.0
h_h001443,여,30,40,김녕해수욕장,문화관광/명소,관광지,해수욕장,3.0
h_h001504,여,40,40,김녕해수욕장,문화관광/명소,관광지,해수욕장,4.0
h_h001533,여,20,40,김녕해수욕장,문화관광/명소,관광지,해수욕장,5.0
h_h001535,남,30,40,김녕해수욕장,문화관광/명소,관광지,해수욕장,4.0
h_h001542,여,20,40,김녕해수욕장,문화관광/명소,관광지,해수욕장,4.0
h_h001543,여,50,40,김녕해수욕장,문화관광/명소,관광지,해수욕장,4.0
h_h001570,여,20,40,김녕해수욕장,문화관광/명소,관광지,해수욕장,5.0
h_h001744,여,30,40,김녕해수욕장,문화관광/명소,관광지,해수욕장,5.0
h_h001767,남,50,40,김녕해수욕장,문화관광/명소,관광지,해수욕장,5.0
h_h001803,남,30,40,김녕해수욕장,문화관광/명소,관광지,해수욕장,5.0
h_h001820,여,40,40,김녕해수욕장,문화관광/명소,관광지,해수욕장,3.0
h_h001842,남,20,40,김녕해수욕장,문화관광/명소,관광지,해수욕장,5.0
h_h001853,여,20,40,김녕해수욕장,문화관광/명소,관광지,해수욕장,5.0
h_h001873,남,20,40,김녕해수욕장,문화관광/명소,관광지,해수욕장,5.0
h_h001889,여,20,40,김녕해수욕장,문화관광/명소,관광지,해수욕장,5.0
h_h002099,남,20,40,김녕해수욕장,문화관광/명소,관광지,해수욕장,5.0
h_h002133,남,20,40,김녕해수욕장,문화관광/명소,관광지,해수욕장,5.0
h_h002182,여,20,40,김녕해수욕장,문화관광/명소,관광지,해수욕장,5.0
h_h002183,여,20,40,김녕해수욕장,문화관광/명소,관광지,해수욕장,5.0
h_h002322,여,20,40,김녕해수욕장,문화관광/명소,관광지,해수욕장,5.0
h_h002322,여,20,40,김녕해수욕장,문화관광/명소,관광지,해수욕장,5.0
h_h002354,남,40,40,김녕해수욕장,문화관광/명소,관광지,해수욕장,5.0
h_h002396,여,20,40,김녕해수욕장,문화관광/명소,관광지,해수욕장,5.0
h_h002421,남,30,40,김녕해수욕장,문화관광/명소,관광지,해수욕장,4.0
h_h002533,여,30,40,김녕해수욕장,문화관광/명소,관광지,해수욕장,5.0
h_h002564,남,20,40,김녕해수욕장,문화관광/명소,관광지,해수욕장,5.0
h_h002631,남,20,40,김녕해수욕장,문화관광/명소,관광지,해수욕장,4.0
h_h002921,여,20,40,김녕해수욕장,문화관광/명소,관광지,해수욕장,5.0
h_h002927,남,30,40,김녕해수욕장,문화관광/명소,관광지,해수욕장,4.0
h_h002941,남,20,40,김녕해수욕장,문화관광/명소,관광지,해수욕장,4.0
h_h002948,여,30,40,김녕해수욕장,문화관광/명소,관광지,해수욕장,3.0
h_h003042,남,30,40,김녕해수욕장,문화관광/명소,관광지,해수욕장,5.0
h_h003322,남,20,40,김녕해수욕장,문화관광/명소,관광지,해수욕장,4.0
h_h003343,남,30,40,김녕해수욕장,문화관광/명소,관광지,해수욕장,5.0
h_h003443,여,30,40,김녕해수욕장,문화관광/명소,관광지,해수욕장,5.0
h_h003487,여,20,40,김녕해수욕장,문화관광/명소,관광지,해수욕장,5.0
h_h003496,여,20,40,김녕해수욕장,문화관광/명소,관광지,해수욕장,5.0
h_h003540,남,20,40,김녕해수욕장,문화관광/명소,관광지,해수욕장,5.0
h_h003560,남,50,40,김녕해수욕장,문화관광/명소,관광지,해수욕장,4.0
h_h003588,여,50,40,김녕해수욕장,문화관광/명소,관광지,해수욕장,5.0
h_h003642,여,30,40,김녕해수욕장,문화관광/명소,관광지,해수욕장,5.0
h_h003671,여,30,40,김녕해수욕장,문화관광/명소,관광지,해수욕장,4.0
h_h003684,남,30,40,김녕해수욕장,문화관광/명소,관광지,해수욕장,5.0
h_h003702,여,30,40,김녕해수욕장,문화관광/명소,관광지,해수욕장,5.0
h_h003726,여,20,40,김녕해수욕장,문화관광/명소,관광지,해수욕장,5.0
h_h003742,여,20,40,김녕해수욕장,문화관광/명소,관광지,해수욕장,5.0
h_h003783,여,20,40,김녕해수욕장,문화관광/명소,관광지,해수욕장,4.0
h_h003827,여,20,40,김녕해수욕장,문화관광/명소,관광지,해수욕장,4.0
h_h003867,여,20,40,김녕해수욕장,문화관광/명소,관광지,해수욕장,5.0
h_h003953,남,20,40,김녕해수욕장,문화관광/명소,관광지,해수욕장,5.0
h_h003961,남,30,40,김녕해수욕장,문화관광/명소,관광지,해수욕장,5.0
h_h004063,남,20,40,김녕해수욕장,문화관광/명소,관광지,해수욕장,4.0
h_h004163,여,20,40,김녕해수욕장,문화관광/명소,관광지,해수욕장,5.0
h_h004234,여,40,40,김녕해수욕장,문화관광/명소,관광지,해수욕장,4.0
h_h004331,남,20,40,김녕해수욕장,문화관광/명소,관광지,해수욕장,5.0
h_h004359,여,30,40,김녕해수욕장,문화관광/명소,관광지,해수욕장,5.0
h_h004385,여,20,40,김녕해수욕장,문화관광/명소,관광지,해수욕장,5.0
h_h004386,여,30,40,김녕해수욕장,문화관광/명소,관광지,해수욕장,3.0
h_h004427,남,20,40,김녕해수욕장,문화관광/명소,관광지,해수욕장,3.0
h_h004446,여,20,40,김녕해수욕장,문화관광/명소,관광지,해수욕장,5.0
h_h004611,여,30,40,김녕해수욕장,문화관광/명소,관광지,해수욕장,4.0
h_h004654,여,30,40,김녕해수욕장,문화관광/명소,관광지,해수욕장,5.0
h_h004696,여,20,40,김녕해수욕장,문화관광/명소,관광지,해수욕장,4.0
h_h004739,여,20,40,김녕해수욕장,문화관광/명소,관광지,해수욕장,5.0
h_h004851,여,20,40,김녕해수욕장,문화관광/명소,관광지,해수욕장,4.0
h_h004905,여,20,40,김녕해수욕장,문화관광/명소,관광지,해수욕장,5.0
h_h005110,여,20,40,김녕해수욕장,문화관광/명소,관광지,해수욕장,5.0
h_h005161,여,20,40,김녕해수욕장,문화관광/명소,관광지,해수욕장,5.0
h_h005177,여,30,40,김녕해수욕장,문화관광/명소,관광지,해수욕장,4.0
h_h005245,여,20,40,김녕해수욕장,문화관광/명소,관광지,해수욕장,5.0
h_h005252,여,20,40,김녕해수욕장,문화관광/명소,관광지,해수욕장,5.0
h_h005264,남,30,40,김녕해수욕장,문화관광/명소,관광지,해수욕장,4.0
h_h005366,여,20,40,김녕해수욕장,문화관광/명소,관광지,해수욕장,5.0
h_h005433,남,20,40,김녕해수욕장,문화관광/명소,관광지,해수욕장,4.0
h_h005441,남,50,40,김녕해수욕장,문화관광/명소,관광지,해수욕장,4.0
h_h005455,남,50,40,김녕해수욕장,문화관광/명소,관광지,해수욕장,5.0
h_h005462,여,20,40,김녕해수욕장,문화관광/명소,관광지,해수욕장,5.0
h_h005842,여,30,40,김녕해수욕장,문화관광/명소,관광지,해수욕장,4.0
h_h005917,여,30,40,김녕해수욕장,문화관광/명소,관광지,해수욕장,4.0
h_h006215,남,30,40,김녕해수욕장,문화관광/명소,관광지,해수욕장,5.0
h_h001184,여,20,42,김만덕기념관,전시/공연,전시/기념관,대형전시/박물관,3.0
h_h001505,여,20,42,김만덕기념관,전시/공연,전시/기념관,대형전시/박물관,5.0
h_h001752,남,30,42,김만덕기념관,전시/공연,전시/기념관,대형전시/박물관,5.0
h_h001988,여,50,42,김만덕기념관,전시/공연,전시/기념관,대형전시/박물관,5.0
h_h003876,여,60,42,김만덕기념관,전시/공연,전시/기념관,대형전시/박물관,4.0
h_h006286,여,30,42,김만덕기념관,전시/공연,전시/기념관,대형전시/박물관,4.0
h_h000247,여,50,43,김영갑갤러리두모악,전시/공연,전시/기념관,미술관,5.0
h_h000683,여,40,43,김영갑갤러리두모악,전시/공연,전시/기념관,미술관,5.0
h_h001270,여,20,43,김영갑갤러리두모악,전시/공연,전시/기념관,미술관,4.0
h_h002785,여,30,43,김영갑갤러리두모악,전시/공연,전시/기념관,미술관,1.0
h_h002838,남,30,43,김영갑갤러리두모악,전시/공연,전시/기념관,미술관,5.0
h_h003266,남,40,43,김영갑갤러리두모악,전시/공연,전시/기념관,미술관,4.0
h_h005596,여,40,43,김영갑갤러리두모악,전시/공연,전시/기념관,미술관,5.0
h_h006646,여,30,43,김영갑갤러리두모악,전시/공연,전시/기념관,미술관,4.0
h_h006744,여,40,43,김영갑갤러리두모악,전시/공연,전시/기념관,미술관,3.0
h_h000091,여,30,51,남원큰엉해변,문화관광/명소,관광지,해수욕장,4.0
h_h000138,남,40,51,남원큰엉해변,문화관광/명소,관광지,해수욕장,4.0
h_h000224,여,50,51,남원큰엉해변,문화관광/명소,관광지,해수욕장,5.0
h_h000247,여,50,51,남원큰엉해변,문화관광/명소,관광지,해수욕장,5.0
h_h000673,여,20,51,남원큰엉해변,문화관광/명소,관광지,해수욕장,5.0
h_h000884,여,30,51,남원큰엉해변,문화관광/명소,관광지,해수욕장,5.0
h_h001466,여,50,51,남원큰엉해변,문화관광/명소,관광지,해수욕장,5.0
h_h001551,여,20,51,남원큰엉해변,문화관광/명소,관광지,해수욕장,5.0
h_h001796,여,20,51,남원큰엉해변,문화관광/명소,관광지,해수욕장,5.0
h_h002588,남,50,51,남원큰엉해변,문화관광/명소,관광지,해수욕장,4.0
h_h002656,여,30,51,남원큰엉해변,문화관광/명소,관광지,해수욕장,3.0
h_h002868,여,30,51,남원큰엉해변,문화관광/명소,관광지,해수욕장,4.0
h_h004331,남,20,51,남원큰엉해변,문화관광/명소,관광지,해수욕장,5.0
h_h004756,여,20,51,남원큰엉해변,문화관광/명소,관광지,해수욕장,4.0
h_h005461,여,20,51,남원큰엉해변,문화관광/명소,관광지,해수욕장,5.0
h_h006438,여,30,51,남원큰엉해변,문화관광/명소,관광지,해수욕장,5.0
h_h006695,남,30,51,남원큰엉해변,문화관광/명소,관광지,해수욕장,3.0
h_h000038,여,20,53,너븐숭이4.3기념관,전시/공연,전시/기념관,대형기념관/묘역,5.0
h_h000549,여,30,53,너븐숭이4.3기념관,전시/공연,전시/기념관,대형기념관/묘역,3.0
h_h001228,여,40,53,너븐숭이4.3기념관,전시/공연,전시/기념관,대형기념관/묘역,5.0
h_h001935,여,40,53,너븐숭이4.3기념관,전시/공연,전시/기념관,대형기념관/묘역,5.0
h_h005559,남,30,53,너븐숭이4.3기념관,전시/공연,전시/기념관,대형기념관/묘역,5.0
h_h006744,여,40,53,너븐숭이4.3기념관,전시/공연,전시/기념관,대형기념관/묘역,5.0
h_h001878,여,60,56,노형근린공원,레저/체육/공원,공원,대형시민/도심공원,4.0
h_h001318,여,20,73,대정현역사자료전시관,전시/공연,전시/기념관,기타전시/박물관,5.0
h_h000678,여,50,75,더마파크,문화관광/명소,관광지,테마공원/대형놀이공원,3.0
h_h000689,남,30,75,더마파크,문화관광/명소,관광지,테마공원/대형놀이공원,5.0
h_h001406,여,40,75,더마파크,문화관광/명소,관광지,테마공원/대형놀이공원,5.0
h_h001849,여,40,75,더마파크,문화관광/명소,관광지,테마공원/대형놀이공원,5.0
h_h002428,남,60,75,더마파크,문화관광/명소,관광지,테마공원/대형놀이공원,4.0
h_h002496,남,30,75,더마파크,문화관광/명소,관광지,테마공원/대형놀이공원,5.0
h_h002713,여,50,75,더마파크,문화관광/명소,관광지,테마공원/대형놀이공원,5.0
h_h003142,여,20,75,더마파크,문화관광/명소,관광지,테마공원/대형놀이공원,5.0
h_h003578,여,30,75,더마파크,문화관광/명소,관광지,테마공원/대형놀이공원,5.0
h_h004330,여,30,75,더마파크,문화관광/명소,관광지,테마공원/대형놀이공원,5.0
h_h004611,여,30,75,더마파크,문화관광/명소,관광지,테마공원/대형놀이공원,4.0
h_h000745,여,30,85,돌하르방미술관,전시/공연,전시/기념관,미술관,1.0
h_h005434,여,50,85,돌하르방미술관,전시/공연,전시/기념관,미술관,3.0
h_h000920,여,30,95,라온GC,레저/체육/공원,대형레저시설,골프장CC,4.0
h_h000920,여,30,95,라온GC,레저/체육/공원,대형레저시설,골프장CC,4.0
h_h000920,여,30,95,라온GC,레저/체육/공원,대형레저시설,골프장CC,4.0
h_h000595,여,40,108,만장굴,문화관광/명소,관광지,유명관광지,4.0
h_h000821,여,30,108,만장굴,문화관광/명소,관광지,유명관광지,5.0
h_h000871,남,40,108,만장굴,문화관광/명소,관광지,유명관광지,5.0
h_h000895,남,30,108,만장굴,문화관광/명소,관광지,유명관광지,5.0
h_h001026,남,40,108,만장굴,문화관광/명소,관광지,유명관광지,4.0
h_h001079,남,30,108,만장굴,문화관광/명소,관광지,유명관광지,5.0
h_h001258,여,30,108,만장굴,문화관광/명소,관광지,유명관광지,5.0
h_h001366,남,20,108,만장굴,문화관광/명소,관광지,유명관광지,4.0
h_h001543,여,50,108,만장굴,문화관광/명소,관광지,유명관광지,3.0
h_h001570,여,20,108,만장굴,문화관광/명소,관광지,유명관광지,4.0
h_h001574,남,20,108,만장굴,문화관광/명소,관광지,유명관광지,5.0
h_h001675,여,50,108,만장굴,문화관광/명소,관광지,유명관광지,4.0
h_h001683,남,20,108,만장굴,문화관광/명소,관광지,유명관광지,4.0
h_h001700,여,40,108,만장굴,문화관광/명소,관광지,유명관광지,3.0
h_h001726,여,30,108,만장굴,문화관광/명소,관광지,유명관광지,3.0
h_h001797,여,20,108,만장굴,문화관광/명소,관광지,유명관광지,4.0
h_h002129,여,20,108,만장굴,문화관광/명소,관광지,유명관광지,3.0
h_h002132,남,30,108,만장굴,문화관광/명소,관광지,유명관광지,5.0
h_h002150,여,30,108,만장굴,문화관광/명소,관광지,유명관광지,5.0
h_h002163,여,30,108,만장굴,문화관광/명소,관광지,유명관광지,3.0
h_h002328,남,40,108,만장굴,문화관광/명소,관광지,유명관광지,4.0
h_h002352,남,30,108,만장굴,문화관광/명소,관광지,유명관광지,5.0
h_h002477,남,30,108,만장굴,문화관광/명소,관광지,유명관광지,5.0
h_h002504,여,40,108,만장굴,문화관광/명소,관광지,유명관광지,5.0
h_h002533,여,30,108,만장굴,문화관광/명소,관광지,유명관광지,5.0
h_h002552,여,20,108,만장굴,문화관광/명소,관광지,유명관광지,5.0
h_h002625,여,60,108,만장굴,문화관광/명소,관광지,유명관광지,4.0
h_h002815,남,20,108,만장굴,문화관광/명소,관광지,유명관광지,5.0
h_h002868,여,30,108,만장굴,문화관광/명소,관광지,유명관광지,4.0
h_h002889,남,20,108,만장굴,문화관광/명소,관광지,유명관광지,5.0
h_h002899,남,30,108,만장굴,문화관광/명소,관광지,유명관광지,4.0
h_h002927,남,30,108,만장굴,문화관광/명소,관광지,유명관광지,5.0
h_h002944,여,30,108,만장굴,문화관광/명소,관광지,유명관광지,3.0
h_h003042,남,30,108,만장굴,문화관광/명소,관광지,유명관광지,5.0
h_h003353,여,20,108,만장굴,문화관광/명소,관광지,유명관광지,4.0
h_h003444,남,40,108,만장굴,문화관광/명소,관광지,유명관광지,4.0
h_h003536,남,20,108,만장굴,문화관광/명소,관광지,유명관광지,5.0
h_h003571,여,20,108,만장굴,문화관광/명소,관광지,유명관광지,4.0
h_h003578,여,30,108,만장굴,문화관광/명소,관광지,유명관광지,5.0
h_h004101,남,50,108,만장굴,문화관광/명소,관광지,유명관광지,1.0
h_h004218,여,20,108,만장굴,문화관광/명소,관광지,유명관광지,5.0
h_h004331,남,20,108,만장굴,문화관광/명소,관광지,유명관광지,3.0
h_h004593,여,30,108,만장굴,문화관광/명소,관광지,유명관광지,5.0
h_h004796,남,20,108,만장굴,문화관광/명소,관광지,유명관광지,3.0
h_h004845,남,20,108,만장굴,문화관광/명소,관광지,유명관광지,5.0
h_h005113,여,30,108,만장굴,문화관광/명소,관광지,유명관광지,5.0
h_h005586,여,50,108,만장굴,문화관광/명소,관광지,유명관광지,3.0
h_h006620,여,30,108,만장굴,문화관광/명소,관광지,유명관광지,5.0
h_h000740,남,50,112,메이즈랜드,문화관광/명소,관광지,일반유원지/일반놀이공원,4.0
h_h001140,남,30,112,메이즈랜드,문화관광/명소,관광지,일반유원지/일반놀이공원,5.0
h_h001258,여,30,112,메이즈랜드,문화관광/명소,관광지,일반유원지/일반놀이공원,4.0
h_h001392,남,40,112,메이즈랜드,문화관광/명소,관광지,일반유원지/일반놀이공원,4.0
h_h001570,여,20,112,메이즈랜드,문화관광/명소,관광지,일반유원지/일반놀이공원,5.0
h_h002265,남,50,112,메이즈랜드,문화관광/명소,관광지,일반유원지/일반놀이공원,4.0
h_h002713,여,50,112,메이즈랜드,문화관광/명소,관광지,일반유원지/일반놀이공원,4.0
h_h003057,남,20,112,메이즈랜드,문화관광/명소,관광지,일반유원지/일반놀이공원,4.0
h_h004204,남,30,112,메이즈랜드,문화관광/명소,관광지,일반유원지/일반놀이공원,5.0
h_h005441,남,50,112,메이즈랜드,문화관광/명소,관광지,일반유원지/일반놀이공원,5.0
h_h000616,여,50,115,무민랜드제주,문화관광/명소,관광지,테마공원/대형놀이공원,4.0
h_h001252,여,20,115,무민랜드제주,문화관광/명소,관광지,테마공원/대형놀이공원,5.0
h_h001398,남,50,115,무민랜드제주,문화관광/명소,관광지,테마공원/대형놀이공원,3.0
h_h001612,남,40,115,무민랜드제주,문화관광/명소,관광지,테마공원/대형놀이공원,5.0
h_h002884,여,30,115,무민랜드제주,문화관광/명소,관광지,테마공원/대형놀이공원,4.0
h_h003660,여,50,115,무민랜드제주,문화관광/명소,관광지,테마공원/대형놀이공원,4.0
h_h004219,남,20,115,무민랜드제주,문화관광/명소,관광지,테마공원/대형놀이공원,5.0
h_h003159,여,20,119,바이나흐튼크리스마스박물관,전시/공연,전시/기념관,기타전시/박물관,5.0
h_h001034,여,20,121,방림원,문화관광/명소,관광지,식물원,5.0
h_h000204,여,30,127,본태박물관,전시/공연,전시/기념관,기타전시/박물관,5.0
h_h000306,남,50,127,본태박물관,전시/공연,전시/기념관,기타전시/박물관,3.0
h_h000810,남,20,127,본태박물관,전시/공연,전시/기념관,기타전시/박물관,5.0
h_h001076,여,30,127,본태박물관,전시/공연,전시/기념관,기타전시/박물관,5.0
h_h001196,여,30,127,본태박물관,전시/공연,전시/기념관,기타전시/박물관,3.0
h_h001428,남,20,127,본태박물관,전시/공연,전시/기념관,기타전시/박물관,4.0
h_h001438,남,20,127,본태박물관,전시/공연,전시/기념관,기타전시/박물관,4.0
h_h001465,여,30,127,본태박물관,전시/공연,전시/기념관,기타전시/박물관,3.0
h_h001838,여,20,127,본태박물관,전시/공연,전시/기념관,기타전시/박물관,5.0
h_h002107,여,20,127,본태박물관,전시/공연,전시/기념관,기타전시/박물관,5.0
h_h002119,남,30,127,본태박물관,전시/공연,전시/기념관,기타전시/박물관,5.0
h_h002291,여,40,127,본태박물관,전시/공연,전시/기념관,기타전시/박물관,5.0
h_h002548,남,30,127,본태박물관,전시/공연,전시/기념관,기타전시/박물관,5.0
h_h002771,여,30,127,본태박물관,전시/공연,전시/기념관,기타전시/박물관,5.0
h_h003359,남,60,127,본태박물관,전시/공연,전시/기념관,기타전시/박물관,5.0
h_h004459,여,30,127,본태박물관,전시/공연,전시/기념관,기타전시/박물관,5.0
h_h005066,여,20,127,본태박물관,전시/공연,전시/기념관,기타전시/박물관,5.0
h_h005288,남,50,127,본태박물관,전시/공연,전시/기념관,기타전시/박물관,5.0
h_h005345,여,30,127,본태박물관,전시/공연,전시/기념관,기타전시/박물관,5.0
h_h005509,여,20,127,본태박물관,전시/공연,전시/기념관,기타전시/박물관,5.0
h_h005851,여,20,127,본태박물관,전시/공연,전시/기념관,기타전시/박물관,5.0
h_h006457,남,30,127,본태박물관,전시/공연,전시/기념관,기타전시/박물관,5.0
h_h006573,남,30,127,본태박물관,전시/공연,전시/기념관,기타전시/박물관,5.0
h_h006596,여,40,127,본태박물관,전시/공연,전시/기념관,기타전시/박물관,4.0
h_h000282,남,30,130,붉은오름자연휴양림,문화관광/명소,관광지,휴양림/수목원,5.0
h_h000599,여,50,130,붉은오름자연휴양림,문화관광/명소,관광지,휴양림/수목원,5.0
h_h006695,남,30,130,붉은오름자연휴양림,문화관광/명소,관광지,휴양림/수목원,4.0
h_h003337,여,20,132,블랙스톤제주CC,레저/체육/공원,대형레저시설,골프장CC,4.0
h_h000014,여,20,136,비자림,문화관광/명소,관광지,휴양림/수목원,5.0
h_h000053,여,30,136,비자림,문화관광/명소,관광지,휴양림/수목원,4.0
h_h000060,남,30,136,비자림,문화관광/명소,관광지,휴양림/수목원,5.0
h_h000105,여,20,136,비자림,문화관광/명소,관광지,휴양림/수목원,4.0
h_h000247,여,50,136,비자림,문화관광/명소,관광지,휴양림/수목원,5.0
h_h000275,여,60,136,비자림,문화관광/명소,관광지,휴양림/수목원,4.0
h_h000282,남,30,136,비자림,문화관광/명소,관광지,휴양림/수목원,5.0
h_h000291,여,40,136,비자림,문화관광/명소,관광지,휴양림/수목원,5.0
h_h000301,남,50,136,비자림,문화관광/명소,관광지,휴양림/수목원,4.0
h_h000306,남,50,136,비자림,문화관광/명소,관광지,휴양림/수목원,2.0
h_h000527,여,30,136,비자림,문화관광/명소,관광지,휴양림/수목원,5.0
h_h000533,남,40,136,비자림,문화관광/명소,관광지,휴양림/수목원,4.0
h_h000549,여,30,136,비자림,문화관광/명소,관광지,휴양림/수목원,4.0
h_h000553,여,30,136,비자림,문화관광/명소,관광지,휴양림/수목원,5.0
h_h000689,남,30,136,비자림,문화관광/명소,관광지,휴양림/수목원,5.0
h_h000703,여,30,136,비자림,문화관광/명소,관광지,휴양림/수목원,5.0
h_h000772,여,40,136,비자림,문화관광/명소,관광지,휴양림/수목원,5.0
h_h000825,여,40,136,비자림,문화관광/명소,관광지,휴양림/수목원,4.0
h_h000834,여,20,136,비자림,문화관광/명소,관광지,휴양림/수목원,5.0
h_h001025,남,50,136,비자림,문화관광/명소,관광지,휴양림/수목원,4.0
h_h001079,남,30,136,비자림,문화관광/명소,관광지,휴양림/수목원,5.0
h_h001161,여,30,136,비자림,문화관광/명소,관광지,휴양림/수목원,5.0
h_h001182,여,50,136,비자림,문화관광/명소,관광지,휴양림/수목원,4.0
h_h001493,여,30,136,비자림,문화관광/명소,관광지,휴양림/수목원,5.0
h_h001504,여,40,136,비자림,문화관광/명소,관광지,휴양림/수목원,3.0
h_h001662,여,20,136,비자림,문화관광/명소,관광지,휴양림/수목원,4.0
h_h001681,여,30,136,비자림,문화관광/명소,관광지,휴양림/수목원,5.0
h_h001690,남,40,136,비자림,문화관광/명소,관광지,휴양림/수목원,3.0
h_h001737,남,20,136,비자림,문화관광/명소,관광지,휴양림/수목원,4.0
h_h001768,여,40,136,비자림,문화관광/명소,관광지,휴양림/수목원,4.0
h_h001847,여,40,136,비자림,문화관광/명소,관광지,휴양림/수목원,5.0
h_h002035,여,20,136,비자림,문화관광/명소,관광지,휴양림/수목원,4.0
h_h002037,남,40,136,비자림,문화관광/명소,관광지,휴양림/수목원,4.0
h_h002050,남,30,136,비자림,문화관광/명소,관광지,휴양림/수목원,5.0
h_h002129,여,20,136,비자림,문화관광/명소,관광지,휴양림/수목원,5.0
h_h002133,남,20,136,비자림,문화관광/명소,관광지,휴양림/수목원,5.0
h_h002178,여,30,136,비자림,문화관광/명소,관광지,휴양림/수목원,5.0
h_h002358,여,30,136,비자림,문화관광/명소,관광지,휴양림/수목원,4.0
h_h002548,남,30,136,비자림,문화관광/명소,관광지,휴양림/수목원,4.0
h_h002625,여,60,136,비자림,문화관광/명소,관광지,휴양림/수목원,4.0
h_h002784,남,20,136,비자림,문화관광/명소,관광지,휴양림/수목원,5.0
h_h002899,남,30,136,비자림,문화관광/명소,관광지,휴양림/수목원,4.0
h_h003042,남,30,136,비자림,문화관광/명소,관광지,휴양림/수목원,5.0
h_h003223,남,20,136,비자림,문화관광/명소,관광지,휴양림/수목원,5.0
h_h003353,여,20,136,비자림,문화관광/명소,관광지,휴양림/수목원,5.0
h_h003448,여,50,136,비자림,문화관광/명소,관광지,휴양림/수목원,5.0
h_h003451,여,30,136,비자림,문화관광/명소,관광지,휴양림/수목원,5.0
h_h003560,남,50,136,비자림,문화관광/명소,관광지,휴양림/수목원,4.0
h_h003660,여,50,136,비자림,문화관광/명소,관광지,휴양림/수목원,4.0
h_h003684,남,30,136,비자림,문화관광/명소,관광지,휴양림/수목원,4.0
h_h003880,여,60,136,비자림,문화관광/명소,관광지,휴양림/수목원,4.0
h_h004150,여,30,136,비자림,문화관광/명소,관광지,휴양림/수목원,5.0
h_h004193,여,20,136,비자림,문화관광/명소,관광지,휴양림/수목원,5.0
h_h004204,남,30,136,비자림,문화관광/명소,관광지,휴양림/수목원,5.0
h_h004216,여,20,136,비자림,문화관광/명소,관광지,휴양림/수목원,5.0
h_h004376,여,50,136,비자림,문화관광/명소,관광지,휴양림/수목원,4.0
h_h004593,여,30,136,비자림,문화관광/명소,관광지,휴양림/수목원,5.0
h_h004721,여,20,136,비자림,문화관광/명소,관광지,휴양림/수목원,5.0
h_h004947,여,50,136,비자림,문화관광/명소,관광지,휴양림/수목원,4.0
h_h005084,여,20,136,비자림,문화관광/명소,관광지,휴양림/수목원,5.0
h_h005586,여,50,136,비자림,문화관광/명소,관광지,휴양림/수목원,4.0
h_h001850,남,40,137,빛의벙커,전시/공연,전시/기념관,기타전시/박물관,4.0
h_h002454,여,50,137,빛의벙커,전시/공연,전시/기념관,기타전시/박물관,5.0
h_h003135,남,30,137,빛의벙커,전시/공연,전시/기념관,기타전시/박물관,5.0
h_h003744,여,20,137,빛의벙커,전시/공연,전시/기념관,기타전시/박물관,4.0
h_h004315,여,30,137,빛의벙커,전시/공연,전시/기념관,기타전시/박물관,4.0
h_h004331,남,20,137,빛의벙커,전시/공연,전시/기념관,기타전시/박물관,5.0
h_h004399,남,40,137,빛의벙커,전시/공연,전시/기념관,기타전시/박물관,2.0
h_h004410,여,30,137,빛의벙커,전시/공연,전시/기념관,기타전시/박물관,5.0
h_h004895,여,30,137,빛의벙커,전시/공연,전시/기념관,기타전시/박물관,5.0
h_h004970,여,30,137,빛의벙커,전시/공연,전시/기념관,기타전시/박물관,5.0
h_h005141,여,20,137,빛의벙커,전시/공연,전시/기념관,기타전시/박물관,4.0
h_h005271,여,20,137,빛의벙커,전시/공연,전시/기념관,기타전시/박물관,5.0
h_h005922,남,30,137,빛의벙커,전시/공연,전시/기념관,기타전시/박물관,4.0
h_h006496,여,50,137,빛의벙커,전시/공연,전시/기념관,기타전시/박물관,5.0
h_h002050,남,30,140,사계해안,문화관광/명소,관광지,해수욕장,5.0
h_h001541,여,40,141,사라봉공원,문화관광/명소,관광지,유명관광지,4.0
h_h001668,여,40,141,사라봉공원,문화관광/명소,관광지,유명관광지,4.0
h_h001150,여,50,155,새별오름,문화관광/명소,관광지,유명관광지,4.0
h_h000185,여,40,157,새별프렌즈,문화관광/명소,관광지,동물원,3.0
h_h001492,여,50,157,새별프렌즈,문화관광/명소,관광지,동물원,3.0
h_h002513,여,30,157,새별프렌즈,문화관광/명소,관광지,동물원,4.0
h_h002629,여,40,157,새별프렌즈,문화관광/명소,관광지,동물원,5.0
h_h003111,여,30,157,새별프렌즈,문화관광/명소,관광지,동물원,4.0
h_h003195,여,20,157,새별프렌즈,문화관광/명소,관광지,동물원,5.0
h_h003959,여,30,157,새별프렌즈,문화관광/명소,관광지,동물원,2.0
h_h005184,여,30,157,새별프렌즈,문화관광/명소,관광지,동물원,3.0
h_h005321,여,40,157,새별프렌즈,문화관광/명소,관광지,동물원,5.0
h_h005583,여,30,157,새별프렌즈,문화관광/명소,관광지,동물원,5.0
h_h005624,여,30,157,새별프렌즈,문화관광/명소,관광지,동물원,4.0
h_h000141,여,50,159,샤인빌파크CC,레저/체육/공원,대형레저시설,퍼블릭골프장,4.0
h_h000141,여,50,159,샤인빌파크CC,레저/체육/공원,대형레저시설,퍼블릭골프장,4.0
h_h000138,남,40,170,서귀포치유의숲,문화관광/명소,관광지,휴양림/수목원,4.0
h_h000147,남,50,170,서귀포치유의숲,문화관광/명소,관광지,휴양림/수목원,5.0
h_h000204,여,30,170,서귀포치유의숲,문화관광/명소,관광지,휴양림/수목원,4.0
h_h000599,여,50,170,서귀포치유의숲,문화관광/명소,관광지,휴양림/수목원,4.0
h_h003263,여,50,170,서귀포치유의숲,문화관광/명소,관광지,휴양림/수목원,4.0
h_h004101,남,50,170,서귀포치유의숲,문화관광/명소,관광지,휴양림/수목원,4.0
h_h000147,남,50,174,서복전시관,전시/공연,전시/기념관,기타전시/박물관,2.0
h_h001200,남,50,174,서복전시관,전시/공연,전시/기념관,기타전시/박물관,4.0
h_h001325,남,20,174,서복전시관,전시/공연,전시/기념관,기타전시/박물관,4.0
h_h001516,남,30,174,서복전시관,전시/공연,전시/기념관,기타전시/박물관,4.0
h_h002170,여,40,174,서복전시관,전시/공연,전시/기념관,기타전시/박물관,4.0
h_h005455,남,50,174,서복전시관,전시/공연,전시/기념관,기타전시/박물관,5.0
h_h000713,남,30,176,서프라이즈테마파크,문화관광/명소,관광지,N,5.0
h_h000761,남,30,176,서프라이즈테마파크,문화관광/명소,관광지,N,3.0
h_h005434,여,50,176,서프라이즈테마파크,문화관광/명소,관광지,N,5.0
h_h001406,여,40,177,선녀와나무꾼테마공원,문화관광/명소,관광지,일반유원지/일반놀이공원,2.0
h_h003507,남,20,177,선녀와나무꾼테마공원,문화관광/명소,관광지,일반유원지/일반놀이공원,5.0
h_h000060,남,30,179,섭지코지,문화관광/명소,관광지,유명관광지,5.0
h_h000093,여,30,179,섭지코지,문화관광/명소,관광지,유명관광지,5.0
h_h000107,남,40,179,섭지코지,문화관광/명소,관광지,유명관광지,3.0
h_h000138,남,40,179,섭지코지,문화관광/명소,관광지,유명관광지,5.0
h_h000222,여,30,179,섭지코지,문화관광/명소,관광지,유명관광지,5.0
h_h000261,남,40,179,섭지코지,문화관광/명소,관광지,유명관광지,5.0
h_h000282,남,30,179,섭지코지,문화관광/명소,관광지,유명관광지,5.0
h_h000286,여,20,179,섭지코지,문화관광/명소,관광지,유명관광지,3.0
h_h000334,남,40,179,섭지코지,문화관광/명소,관광지,유명관광지,5.0
h_h000455,여,30,179,섭지코지,문화관광/명소,관광지,유명관광지,5.0
h_h000475,여,40,179,섭지코지,문화관광/명소,관광지,유명관광지,5.0
h_h000533,남,40,179,섭지코지,문화관광/명소,관광지,유명관광지,4.0
h_h000553,여,30,179,섭지코지,문화관광/명소,관광지,유명관광지,5.0
h_h000595,여,40,179,섭지코지,문화관광/명소,관광지,유명관광지,4.0
h_h000759,여,30,179,섭지코지,문화관광/명소,관광지,유명관광지,4.0
h_h000810,남,20,179,섭지코지,문화관광/명소,관광지,유명관광지,5.0
h_h000915,여,20,179,섭지코지,문화관광/명소,관광지,유명관광지,3.0
h_h001057,남,30,179,섭지코지,문화관광/명소,관광지,유명관광지,4.0
h_h001082,남,20,179,섭지코지,문화관광/명소,관광지,유명관광지,5.0
h_h001140,남,30,179,섭지코지,문화관광/명소,관광지,유명관광지,5.0
h_h001150,여,50,179,섭지코지,문화관광/명소,관광지,유명관광지,5.0
h_h001185,여,20,179,섭지코지,문화관광/명소,관광지,유명관광지,5.0
h_h001391,여,20,179,섭지코지,문화관광/명소,관광지,유명관광지,5.0
h_h001392,남,40,179,섭지코지,문화관광/명소,관광지,유명관광지,4.0
h_h001397,남,30,179,섭지코지,문화관광/명소,관광지,유명관광지,5.0
h_h001398,남,50,179,섭지코지,문화관광/명소,관광지,유명관광지,5.0
h_h001406,여,40,179,섭지코지,문화관광/명소,관광지,유명관광지,4.0
h_h001434,여,30,179,섭지코지,문화관광/명소,관광지,유명관광지,4.0
h_h001451,여,20,179,섭지코지,문화관광/명소,관광지,유명관광지,5.0
h_h001596,남,20,179,섭지코지,문화관광/명소,관광지,유명관광지,5.0
h_h001690,남,40,179,섭지코지,문화관광/명소,관광지,유명관광지,5.0
h_h001719,여,30,179,섭지코지,문화관광/명소,관광지,유명관광지,4.0
h_h001731,여,30,179,섭지코지,문화관광/명소,관광지,유명관광지,5.0
h_h001850,남,40,179,섭지코지,문화관광/명소,관광지,유명관광지,4.0
h_h001985,남,30,179,섭지코지,문화관광/명소,관광지,유명관광지,5.0
h_h002018,여,20,179,섭지코지,문화관광/명소,관광지,유명관광지,5.0
h_h002113,남,50,179,섭지코지,문화관광/명소,관광지,유명관광지,4.0
h_h002132,남,30,179,섭지코지,문화관광/명소,관광지,유명관광지,1.0
h_h002183,여,20,179,섭지코지,문화관광/명소,관광지,유명관광지,5.0
h_h002265,남,50,179,섭지코지,문화관광/명소,관광지,유명관광지,5.0
h_h002327,남,40,179,섭지코지,문화관광/명소,관광지,유명관광지,2.0
h_h002328,남,40,179,섭지코지,문화관광/명소,관광지,유명관광지,3.0
h_h002385,남,20,179,섭지코지,문화관광/명소,관광지,유명관광지,5.0
h_h002435,남,30,179,섭지코지,문화관광/명소,관광지,유명관광지,4.0
h_h002527,여,20,179,섭지코지,문화관광/명소,관광지,유명관광지,5.0
h_h002552,여,20,179,섭지코지,문화관광/명소,관광지,유명관광지,5.0
h_h002608,남,30,179,섭지코지,문화관광/명소,관광지,유명관광지,5.0
h_h002610,여,50,179,섭지코지,문화관광/명소,관광지,유명관광지,5.0
h_h002625,여,60,179,섭지코지,문화관광/명소,관광지,유명관광지,4.0
h_h002653,여,20,179,섭지코지,문화관광/명소,관광지,유명관광지,4.0
h_h002751,남,20,179,섭지코지,문화관광/명소,관광지,유명관광지,5.0
h_h002842,여,20,179,섭지코지,문화관광/명소,관광지,유명관광지,4.0
h_h002955,남,30,179,섭지코지,문화관광/명소,관광지,유명관광지,4.0
h_h003444,남,40,179,섭지코지,문화관광/명소,관광지,유명관광지,4.0
h_h003451,여,30,179,섭지코지,문화관광/명소,관광지,유명관광지,5.0
h_h003536,남,20,179,섭지코지,문화관광/명소,관광지,유명관광지,5.0
h_h003556,여,20,179,섭지코지,문화관광/명소,관광지,유명관광지,5.0
h_h003565,여,30,179,섭지코지,문화관광/명소,관광지,유명관광지,5.0
h_h003571,여,20,179,섭지코지,문화관광/명소,관광지,유명관광지,5.0
h_h003692,여,20,179,섭지코지,문화관광/명소,관광지,유명관광지,4.0
h_h003742,여,20,179,섭지코지,문화관광/명소,관광지,유명관광지,5.0
h_h003827,여,20,179,섭지코지,문화관광/명소,관광지,유명관광지,4.0
h_h003867,여,20,179,섭지코지,문화관광/명소,관광지,유명관광지,4.0
h_h004063,남,20,179,섭지코지,문화관광/명소,관광지,유명관광지,5.0
h_h004101,남,50,179,섭지코지,문화관광/명소,관광지,유명관광지,4.0
h_h004150,여,30,179,섭지코지,문화관광/명소,관광지,유명관광지,3.0
h_h004193,여,20,179,섭지코지,문화관광/명소,관광지,유명관광지,4.0
h_h004244,남,20,179,섭지코지,문화관광/명소,관광지,유명관광지,4.0
h_h004288,여,50,179,섭지코지,문화관광/명소,관광지,유명관광지,5.0
h_h004410,여,30,179,섭지코지,문화관광/명소,관광지,유명관광지,5.0
h_h004411,남,30,179,섭지코지,문화관광/명소,관광지,유명관광지,4.0
h_h004415,남,20,179,섭지코지,문화관광/명소,관광지,유명관광지,5.0
h_h004446,여,20,179,섭지코지,문화관광/명소,관광지,유명관광지,5.0
h_h004696,여,20,179,섭지코지,문화관광/명소,관광지,유명관광지,5.0
h_h005238,여,30,179,섭지코지,문화관광/명소,관광지,유명관광지,4.0
h_h005274,남,30,179,섭지코지,문화관광/명소,관광지,유명관광지,3.0
h_h005280,남,20,179,섭지코지,문화관광/명소,관광지,유명관광지,5.0
h_h005366,여,20,179,섭지코지,문화관광/명소,관광지,유명관광지,5.0
h_h005629,여,20,179,섭지코지,문화관광/명소,관광지,유명관광지,4.0
h_h005700,남,30,179,섭지코지,문화관광/명소,관광지,유명관광지,5.0
h_h005746,남,30,179,섭지코지,문화관광/명소,관광지,유명관광지,4.0
h_h005831,여,20,179,섭지코지,문화관광/명소,관광지,유명관광지,4.0
h_h005922,남,30,179,섭지코지,문화관광/명소,관광지,유명관광지,4.0
h_h006436,여,40,179,섭지코지,문화관광/명소,관광지,유명관광지,5.0
h_h006528,여,30,179,섭지코지,문화관광/명소,관광지,유명관광지,5.0
h_h006678,여,30,179,섭지코지,문화관광/명소,관광지,유명관광지,1.0
h_h006706,여,30,179,섭지코지,문화관광/명소,관광지,유명관광지,4.0
h_h000060,남,30,180,섭지코지,문화관광/명소,관광지,유명관광지,5.0
h_h000093,여,30,180,섭지코지,문화관광/명소,관광지,유명관광지,5.0
h_h000107,남,40,180,섭지코지,문화관광/명소,관광지,유명관광지,3.0
h_h000138,남,40,180,섭지코지,문화관광/명소,관광지,유명관광지,5.0
h_h000222,여,30,180,섭지코지,문화관광/명소,관광지,유명관광지,5.0
h_h000261,남,40,180,섭지코지,문화관광/명소,관광지,유명관광지,5.0
h_h000282,남,30,180,섭지코지,문화관광/명소,관광지,유명관광지,5.0
h_h000286,여,20,180,섭지코지,문화관광/명소,관광지,유명관광지,3.0
h_h000334,남,40,180,섭지코지,문화관광/명소,관광지,유명관광지,5.0
h_h000455,여,30,180,섭지코지,문화관광/명소,관광지,유명관광지,5.0
h_h000475,여,40,180,섭지코지,문화관광/명소,관광지,유명관광지,5.0
h_h000533,남,40,180,섭지코지,문화관광/명소,관광지,유명관광지,4.0
h_h000553,여,30,180,섭지코지,문화관광/명소,관광지,유명관광지,5.0
h_h000595,여,40,180,섭지코지,문화관광/명소,관광지,유명관광지,4.0
h_h000759,여,30,180,섭지코지,문화관광/명소,관광지,유명관광지,4.0
h_h000810,남,20,180,섭지코지,문화관광/명소,관광지,유명관광지,5.0
h_h000915,여,20,180,섭지코지,문화관광/명소,관광지,유명관광지,3.0
h_h001057,남,30,180,섭지코지,문화관광/명소,관광지,유명관광지,4.0
h_h001082,남,20,180,섭지코지,문화관광/명소,관광지,유명관광지,5.0
h_h001140,남,30,180,섭지코지,문화관광/명소,관광지,유명관광지,5.0
h_h001150,여,50,180,섭지코지,문화관광/명소,관광지,유명관광지,5.0
h_h001185,여,20,180,섭지코지,문화관광/명소,관광지,유명관광지,5.0
h_h001391,여,20,180,섭지코지,문화관광/명소,관광지,유명관광지,5.0
h_h001392,남,40,180,섭지코지,문화관광/명소,관광지,유명관광지,4.0
h_h001397,남,30,180,섭지코지,문화관광/명소,관광지,유명관광지,5.0
h_h001398,남,50,180,섭지코지,문화관광/명소,관광지,유명관광지,5.0
h_h001406,여,40,180,섭지코지,문화관광/명소,관광지,유명관광지,4.0
h_h001434,여,30,180,섭지코지,문화관광/명소,관광지,유명관광지,4.0
h_h001451,여,20,180,섭지코지,문화관광/명소,관광지,유명관광지,5.0
h_h001596,남,20,180,섭지코지,문화관광/명소,관광지,유명관광지,5.0
h_h001690,남,40,180,섭지코지,문화관광/명소,관광지,유명관광지,5.0
h_h001719,여,30,180,섭지코지,문화관광/명소,관광지,유명관광지,4.0
h_h001731,여,30,180,섭지코지,문화관광/명소,관광지,유명관광지,5.0
h_h001850,남,40,180,섭지코지,문화관광/명소,관광지,유명관광지,4.0
h_h001985,남,30,180,섭지코지,문화관광/명소,관광지,유명관광지,5.0
h_h002018,여,20,180,섭지코지,문화관광/명소,관광지,유명관광지,5.0
h_h002113,남,50,180,섭지코지,문화관광/명소,관광지,유명관광지,4.0
h_h002132,남,30,180,섭지코지,문화관광/명소,관광지,유명관광지,1.0
h_h002183,여,20,180,섭지코지,문화관광/명소,관광지,유명관광지,5.0
h_h002265,남,50,180,섭지코지,문화관광/명소,관광지,유명관광지,5.0
h_h002327,남,40,180,섭지코지,문화관광/명소,관광지,유명관광지,2.0
h_h002328,남,40,180,섭지코지,문화관광/명소,관광지,유명관광지,3.0
h_h002385,남,20,180,섭지코지,문화관광/명소,관광지,유명관광지,5.0
h_h002435,남,30,180,섭지코지,문화관광/명소,관광지,유명관광지,4.0
h_h002527,여,20,180,섭지코지,문화관광/명소,관광지,유명관광지,5.0
h_h002552,여,20,180,섭지코지,문화관광/명소,관광지,유명관광지,5.0
h_h002608,남,30,180,섭지코지,문화관광/명소,관광지,유명관광지,5.0
h_h002610,여,50,180,섭지코지,문화관광/명소,관광지,유명관광지,5.0
h_h002625,여,60,180,섭지코지,문화관광/명소,관광지,유명관광지,4.0
h_h002653,여,20,180,섭지코지,문화관광/명소,관광지,유명관광지,4.0
h_h002751,남,20,180,섭지코지,문화관광/명소,관광지,유명관광지,5.0
h_h002842,여,20,180,섭지코지,문화관광/명소,관광지,유명관광지,4.0
h_h002955,남,30,180,섭지코지,문화관광/명소,관광지,유명관광지,4.0
h_h003444,남,40,180,섭지코지,문화관광/명소,관광지,유명관광지,4.0
h_h003451,여,30,180,섭지코지,문화관광/명소,관광지,유명관광지,5.0
h_h003536,남,20,180,섭지코지,문화관광/명소,관광지,유명관광지,5.0
h_h003556,여,20,180,섭지코지,문화관광/명소,관광지,유명관광지,5.0
h_h003565,여,30,180,섭지코지,문화관광/명소,관광지,유명관광지,5.0
h_h003571,여,20,180,섭지코지,문화관광/명소,관광지,유명관광지,5.0
h_h003692,여,20,180,섭지코지,문화관광/명소,관광지,유명관광지,4.0
h_h003742,여,20,180,섭지코지,문화관광/명소,관광지,유명관광지,5.0
h_h003827,여,20,180,섭지코지,문화관광/명소,관광지,유명관광지,4.0
h_h003867,여,20,180,섭지코지,문화관광/명소,관광지,유명관광지,4.0
h_h004063,남,20,180,섭지코지,문화관광/명소,관광지,유명관광지,5.0
h_h004101,남,50,180,섭지코지,문화관광/명소,관광지,유명관광지,4.0
h_h004150,여,30,180,섭지코지,문화관광/명소,관광지,유명관광지,3.0
h_h004193,여,20,180,섭지코지,문화관광/명소,관광지,유명관광지,4.0
h_h004244,남,20,180,섭지코지,문화관광/명소,관광지,유명관광지,4.0
h_h004288,여,50,180,섭지코지,문화관광/명소,관광지,유명관광지,5.0
h_h004410,여,30,180,섭지코지,문화관광/명소,관광지,유명관광지,5.0
h_h004411,남,30,180,섭지코지,문화관광/명소,관광지,유명관광지,4.0
h_h004415,남,20,180,섭지코지,문화관광/명소,관광지,유명관광지,5.0
h_h004446,여,20,180,섭지코지,문화관광/명소,관광지,유명관광지,5.0
h_h004696,여,20,180,섭지코지,문화관광/명소,관광지,유명관광지,5.0
h_h005238,여,30,180,섭지코지,문화관광/명소,관광지,유명관광지,4.0
h_h005274,남,30,180,섭지코지,문화관광/명소,관광지,유명관광지,3.0
h_h005280,남,20,180,섭지코지,문화관광/명소,관광지,유명관광지,5.0
h_h005366,여,20,180,섭지코지,문화관광/명소,관광지,유명관광지,5.0
h_h005629,여,20,180,섭지코지,문화관광/명소,관광지,유명관광지,4.0
h_h005700,남,30,180,섭지코지,문화관광/명소,관광지,유명관광지,5.0
h_h005746,남,30,180,섭지코지,문화관광/명소,관광지,유명관광지,4.0
h_h005831,여,20,180,섭지코지,문화관광/명소,관광지,유명관광지,4.0
h_h005922,남,30,180,섭지코지,문화관광/명소,관광지,유명관광지,4.0
h_h006436,여,40,180,섭지코지,문화관광/명소,관광지,유명관광지,5.0
h_h006528,여,30,180,섭지코지,문화관광/명소,관광지,유명관광지,5.0
h_h006678,여,30,180,섭지코지,문화관광/명소,관광지,유명관광지,1.0
h_h006706,여,30,180,섭지코지,문화관광/명소,관광지,유명관광지,4.0
h_h001720,남,30,183,성산일출봉,문화관광/명소,관광지,유명관광지,5.0
h_h003443,여,30,187,세계술박물관,전시/공연,전시/기념관,기타전시/박물관,5.0
h_h000815,남,50,191,세리월드,문화관광/명소,관광지,일반유원지/일반놀이공원,2.0
h_h001140,남,30,191,세리월드,문화관광/명소,관광지,일반유원지/일반놀이공원,4.0
h_h001842,남,20,191,세리월드,문화관광/명소,관광지,일반유원지/일반놀이공원,3.0
h_h002328,남,40,191,세리월드,문화관광/명소,관광지,일반유원지/일반놀이공원,4.0
h_h002694,여,50,191,세리월드,문화관광/명소,관광지,일반유원지/일반놀이공원,3.0
h_h002778,여,20,191,세리월드,문화관광/명소,관광지,일반유원지/일반놀이공원,5.0
h_h003057,남,20,191,세리월드,문화관광/명소,관광지,일반유원지/일반놀이공원,5.0
h_h003563,남,30,191,세리월드,문화관광/명소,관광지,일반유원지/일반놀이공원,3.0
h_h003272,여,50,197,소암기념관,전시/공연,전시/기념관,기타전시/박물관,4.0
h_h001458,여,20,198,소인국테마파크,문화관광/명소,관광지,유명관광지,3.0
h_h001788,남,50,198,소인국테마파크,문화관광/명소,관광지,유명관광지,5.0
h_h002592,남,50,198,소인국테마파크,문화관광/명소,관광지,유명관광지,4.0
h_h004474,남,20,198,소인국테마파크,문화관광/명소,관광지,유명관광지,5.0
h_h002792,여,40,203,수목원테마파크아이스뮤지엄,전시/공연,전시/기념관,기타전시/박물관,4.0
h_h000085,여,30,209,숨도,전시/공연,전시/기념관,기타전시/박물관,4.0
h_h000337,여,50,209,숨도,전시/공연,전시/기념관,기타전시/박물관,5.0
h_h000599,여,50,209,숨도,전시/공연,전시/기념관,기타전시/박물관,5.0
h_h000609,여,50,209,숨도,전시/공연,전시/기념관,기타전시/박물관,3.0
h_h000614,여,50,209,숨도,전시/공연,전시/기념관,기타전시/박물관,5.0
h_h000765,남,40,209,숨도,전시/공연,전시/기념관,기타전시/박물관,3.0
h_h000805,여,20,209,숨도,전시/공연,전시/기념관,기타전시/박물관,5.0
h_h001345,여,20,209,숨도,전시/공연,전시/기념관,기타전시/박물관,4.0
h_h001482,남,50,209,숨도,전시/공연,전시/기념관,기타전시/박물관,5.0
h_h001906,여,30,209,숨도,전시/공연,전시/기념관,기타전시/박물관,5.0
h_h002334,여,20,209,숨도,전시/공연,전시/기념관,기타전시/박물관,2.0
h_h000098,남,20,212,스카이워터쇼,전시/공연,영화/연극/공연,공연/연극/문화센터,5.0
h_h000344,남,40,212,스카이워터쇼,전시/공연,영화/연극/공연,공연/연극/문화센터,5.0
h_h000603,여,40,212,스카이워터쇼,전시/공연,영화/연극/공연,공연/연극/문화센터,3.0
h_h000645,여,30,212,스카이워터쇼,전시/공연,영화/연극/공연,공연/연극/문화센터,4.0
h_h001299,여,40,212,스카이워터쇼,전시/공연,영화/연극/공연,공연/연극/문화센터,3.0
h_h002356,여,20,212,스카이워터쇼,전시/공연,영화/연극/공연,공연/연극/문화센터,2.0
h_h002768,여,50,212,스카이워터쇼,전시/공연,영화/연극/공연,공연/연극/문화센터,5.0
h_h002847,남,60,212,스카이워터쇼,전시/공연,영화/연극/공연,공연/연극/문화센터,5.0
h_h005494,여,20,212,스카이워터쇼,전시/공연,영화/연극/공연,공연/연극/문화센터,4.0
h_h000060,남,30,220,신양섭지해수욕장,문화관광/명소,관광지,해수욕장,3.0
h_h000093,여,30,220,신양섭지해수욕장,문화관광/명소,관광지,해수욕장,2.0
h_h000322,남,30,220,신양섭지해수욕장,문화관광/명소,관광지,해수욕장,5.0
h_h000645,여,30,220,신양섭지해수욕장,문화관광/명소,관광지,해수욕장,3.0
h_h001103,남,20,220,신양섭지해수욕장,문화관광/명소,관광지,해수욕장,5.0
h_h001303,여,20,220,신양섭지해수욕장,문화관광/명소,관광지,해수욕장,1.0
h_h001763,남,40,220,신양섭지해수욕장,문화관광/명소,관광지,해수욕장,4.0
h_h001850,남,40,220,신양섭지해수욕장,문화관광/명소,관광지,해수욕장,4.0
h_h001850,남,40,220,신양섭지해수욕장,문화관광/명소,관광지,해수욕장,4.0
h_h002167,여,50,220,신양섭지해수욕장,문화관광/명소,관광지,해수욕장,4.0
h_h004032,남,30,220,신양섭지해수욕장,문화관광/명소,관광지,해수욕장,3.0
h_h006646,여,30,220,신양섭지해수욕장,문화관광/명소,관광지,해수욕장,2.0
h_h003880,여,60,227,신창풍차해안도로,문화관광/명소,관광지,유명관광지,5.0
h_h001184,여,20,233,아라리오뮤지엄동문모텔2,전시/공연,전시/기념관,미술관,3.0
h_h006748,남,50,237,아프리카박물관,전시/공연,전시/기념관,기타전시/박물관,5.0
h_h005052,여,20,239,애월해안도로,문화관광/명소,관광지,유명관광지,5.0
h_h000043,여,30,244,에코랜드테마파크,문화관광/명소,관광지,일반유원지/일반놀이공원,5.0
h_h000053,여,30,244,에코랜드테마파크,문화관광/명소,관광지,일반유원지/일반놀이공원,5.0
h_h000107,남,40,244,에코랜드테마파크,문화관광/명소,관광지,일반유원지/일반놀이공원,5.0
h_h000125,남,50,244,에코랜드테마파크,문화관광/명소,관광지,일반유원지/일반놀이공원,5.0
h_h000179,여,40,244,에코랜드테마파크,문화관광/명소,관광지,일반유원지/일반놀이공원,5.0
h_h000221,남,40,244,에코랜드테마파크,문화관광/명소,관광지,일반유원지/일반놀이공원,5.0
h_h000660,남,20,244,에코랜드테마파크,문화관광/명소,관광지,일반유원지/일반놀이공원,4.0
h_h000756,여,40,244,에코랜드테마파크,문화관광/명소,관광지,일반유원지/일반놀이공원,5.0
h_h000760,여,50,244,에코랜드테마파크,문화관광/명소,관광지,일반유원지/일반놀이공원,5.0
h_h000771,여,40,244,에코랜드테마파크,문화관광/명소,관광지,일반유원지/일반놀이공원,5.0
h_h000806,여,30,244,에코랜드테마파크,문화관광/명소,관광지,일반유원지/일반놀이공원,5.0
h_h000926,여,40,244,에코랜드테마파크,문화관광/명소,관광지,일반유원지/일반놀이공원,4.0
h_h001146,남,20,244,에코랜드테마파크,문화관광/명소,관광지,일반유원지/일반놀이공원,5.0
h_h001260,여,30,244,에코랜드테마파크,문화관광/명소,관광지,일반유원지/일반놀이공원,5.0
h_h001260,여,30,244,에코랜드테마파크,문화관광/명소,관광지,일반유원지/일반놀이공원,5.0
h_h001299,여,40,244,에코랜드테마파크,문화관광/명소,관광지,일반유원지/일반놀이공원,3.0
h_h001406,여,40,244,에코랜드테마파크,문화관광/명소,관광지,일반유원지/일반놀이공원,4.0
h_h001690,남,40,244,에코랜드테마파크,문화관광/명소,관광지,일반유원지/일반놀이공원,5.0
h_h001706,남,40,244,에코랜드테마파크,문화관광/명소,관광지,일반유원지/일반놀이공원,5.0
h_h001910,여,40,244,에코랜드테마파크,문화관광/명소,관광지,일반유원지/일반놀이공원,5.0
h_h001985,남,30,244,에코랜드테마파크,문화관광/명소,관광지,일반유원지/일반놀이공원,5.0
h_h002792,여,40,244,에코랜드테마파크,문화관광/명소,관광지,일반유원지/일반놀이공원,4.0
h_h003444,남,40,244,에코랜드테마파크,문화관광/명소,관광지,일반유원지/일반놀이공원,5.0
h_h003579,여,20,244,에코랜드테마파크,문화관광/명소,관광지,일반유원지/일반놀이공원,5.0
h_h003653,여,20,244,에코랜드테마파크,문화관광/명소,관광지,일반유원지/일반놀이공원,5.0
h_h004060,여,20,244,에코랜드테마파크,문화관광/명소,관광지,일반유원지/일반놀이공원,5.0
h_h004154,남,20,244,에코랜드테마파크,문화관광/명소,관광지,일반유원지/일반놀이공원,5.0
h_h004365,남,30,244,에코랜드테마파크,문화관광/명소,관광지,일반유원지/일반놀이공원,5.0
h_h005221,여,20,244,에코랜드테마파크,문화관광/명소,관광지,일반유원지/일반놀이공원,4.0
h_h005746,남,30,244,에코랜드테마파크,문화관광/명소,관광지,일반유원지/일반놀이공원,4.0
h_h005917,여,30,244,에코랜드테마파크,문화관광/명소,관광지,일반유원지/일반놀이공원,4.0
h_h006663,여,50,244,에코랜드테마파크,문화관광/명소,관광지,일반유원지/일반놀이공원,5.0
h_h000147,남,50,249,여미지식물원,문화관광/명소,관광지,유명관광지,4.0
h_h000225,여,30,249,여미지식물원,문화관광/명소,관광지,유명관광지,4.0
h_h000724,남,30,249,여미지식물원,문화관광/명소,관광지,유명관광지,5.0
h_h000817,남,50,249,여미지식물원,문화관광/명소,관광지,유명관광지,4.0
h_h001275,남,30,249,여미지식물원,문화관광/명소,관광지,유명관광지,4.0
h_h002138,남,30,249,여미지식물원,문화관광/명소,관광지,유명관광지,4.0
h_h002527,여,20,249,여미지식물원,문화관광/명소,관광지,유명관광지,4.0
h_h002778,여,20,249,여미지식물원,문화관광/명소,관광지,유명관광지,5.0
h_h003556,여,20,249,여미지식물원,문화관광/명소,관광지,유명관광지,5.0
h_h003742,여,20,249,여미지식물원,문화관광/명소,관광지,유명관광지,5.0
h_h004207,남,20,249,여미지식물원,문화관광/명소,관광지,유명관광지,5.0
h_h005086,여,20,249,여미지식물원,문화관광/명소,관광지,유명관광지,5.0
h_h000013,남,40,261,오설록티뮤지엄,전시/공연,전시/기념관,기타전시/박물관,4.0
h_h000073,남,30,261,오설록티뮤지엄,전시/공연,전시/기념관,기타전시/박물관,4.0
h_h000085,여,30,261,오설록티뮤지엄,전시/공연,전시/기념관,기타전시/박물관,3.0
h_h000124,여,30,261,오설록티뮤지엄,전시/공연,전시/기념관,기타전시/박물관,4.0
h_h000141,여,50,261,오설록티뮤지엄,전시/공연,전시/기념관,기타전시/박물관,5.0
h_h000143,여,30,261,오설록티뮤지엄,전시/공연,전시/기념관,기타전시/박물관,5.0
h_h000186,여,40,261,오설록티뮤지엄,전시/공연,전시/기념관,기타전시/박물관,5.0
h_h000245,여,50,261,오설록티뮤지엄,전시/공연,전시/기념관,기타전시/박물관,4.0
h_h000250,남,20,261,오설록티뮤지엄,전시/공연,전시/기념관,기타전시/박물관,4.0
h_h000282,남,30,261,오설록티뮤지엄,전시/공연,전시/기념관,기타전시/박물관,5.0
h_h000334,남,40,261,오설록티뮤지엄,전시/공연,전시/기념관,기타전시/박물관,2.0
h_h000453,여,30,261,오설록티뮤지엄,전시/공연,전시/기념관,기타전시/박물관,5.0
h_h000459,여,20,261,오설록티뮤지엄,전시/공연,전시/기념관,기타전시/박물관,4.0
h_h000480,남,30,261,오설록티뮤지엄,전시/공연,전시/기념관,기타전시/박물관,4.0
h_h000486,여,40,261,오설록티뮤지엄,전시/공연,전시/기념관,기타전시/박물관,5.0
h_h000488,여,20,261,오설록티뮤지엄,전시/공연,전시/기념관,기타전시/박물관,4.0
h_h000534,여,30,261,오설록티뮤지엄,전시/공연,전시/기념관,기타전시/박물관,5.0
h_h000583,남,50,261,오설록티뮤지엄,전시/공연,전시/기념관,기타전시/박물관,5.0
h_h000584,여,40,261,오설록티뮤지엄,전시/공연,전시/기념관,기타전시/박물관,5.0
h_h000652,여,40,261,오설록티뮤지엄,전시/공연,전시/기념관,기타전시/박물관,3.0
h_h000660,남,20,261,오설록티뮤지엄,전시/공연,전시/기념관,기타전시/박물관,4.0
h_h000690,여,20,261,오설록티뮤지엄,전시/공연,전시/기념관,기타전시/박물관,5.0
h_h000707,여,20,261,오설록티뮤지엄,전시/공연,전시/기념관,기타전시/박물관,5.0
h_h000713,남,30,261,오설록티뮤지엄,전시/공연,전시/기념관,기타전시/박물관,5.0
h_h000724,남,30,261,오설록티뮤지엄,전시/공연,전시/기념관,기타전시/박물관,3.0
h_h000788,여,30,261,오설록티뮤지엄,전시/공연,전시/기념관,기타전시/박물관,5.0
h_h000810,남,20,261,오설록티뮤지엄,전시/공연,전시/기념관,기타전시/박물관,5.0
h_h000857,여,20,261,오설록티뮤지엄,전시/공연,전시/기념관,기타전시/박물관,5.0
h_h000897,여,20,261,오설록티뮤지엄,전시/공연,전시/기념관,기타전시/박물관,4.0
h_h000898,여,50,261,오설록티뮤지엄,전시/공연,전시/기념관,기타전시/박물관,5.0
h_h000904,여,50,261,오설록티뮤지엄,전시/공연,전시/기념관,기타전시/박물관,5.0
h_h001063,여,20,261,오설록티뮤지엄,전시/공연,전시/기념관,기타전시/박물관,5.0
h_h001079,남,30,261,오설록티뮤지엄,전시/공연,전시/기념관,기타전시/박물관,5.0
h_h001085,여,40,261,오설록티뮤지엄,전시/공연,전시/기념관,기타전시/박물관,4.0
h_h001096,남,20,261,오설록티뮤지엄,전시/공연,전시/기념관,기타전시/박물관,5.0
h_h001127,여,30,261,오설록티뮤지엄,전시/공연,전시/기념관,기타전시/박물관,5.0
h_h001196,여,30,261,오설록티뮤지엄,전시/공연,전시/기념관,기타전시/박물관,3.0
h_h001218,여,20,261,오설록티뮤지엄,전시/공연,전시/기념관,기타전시/박물관,3.0
h_h001250,남,30,261,오설록티뮤지엄,전시/공연,전시/기념관,기타전시/박물관,5.0
h_h001258,여,30,261,오설록티뮤지엄,전시/공연,전시/기념관,기타전시/박물관,5.0
h_h001262,여,40,261,오설록티뮤지엄,전시/공연,전시/기념관,기타전시/박물관,5.0
h_h001269,남,30,261,오설록티뮤지엄,전시/공연,전시/기념관,기타전시/박물관,4.0
h_h001279,여,20,261,오설록티뮤지엄,전시/공연,전시/기념관,기타전시/박물관,5.0
h_h001288,여,50,261,오설록티뮤지엄,전시/공연,전시/기념관,기타전시/박물관,5.0
h_h001292,남,30,261,오설록티뮤지엄,전시/공연,전시/기념관,기타전시/박물관,5.0
h_h001306,여,30,261,오설록티뮤지엄,전시/공연,전시/기념관,기타전시/박물관,4.0
h_h001329,여,30,261,오설록티뮤지엄,전시/공연,전시/기념관,기타전시/박물관,5.0
h_h001373,여,20,261,오설록티뮤지엄,전시/공연,전시/기념관,기타전시/박물관,4.0
h_h001406,여,40,261,오설록티뮤지엄,전시/공연,전시/기념관,기타전시/박물관,4.0
h_h001428,남,20,261,오설록티뮤지엄,전시/공연,전시/기념관,기타전시/박물관,4.0
h_h001458,여,20,261,오설록티뮤지엄,전시/공연,전시/기념관,기타전시/박물관,4.0
h_h001466,여,50,261,오설록티뮤지엄,전시/공연,전시/기념관,기타전시/박물관,5.0
h_h001473,여,30,261,오설록티뮤지엄,전시/공연,전시/기념관,기타전시/박물관,5.0
h_h001494,여,20,261,오설록티뮤지엄,전시/공연,전시/기념관,기타전시/박물관,4.0
h_h001502,여,20,261,오설록티뮤지엄,전시/공연,전시/기념관,기타전시/박물관,5.0
h_h001526,남,30,261,오설록티뮤지엄,전시/공연,전시/기념관,기타전시/박물관,4.0
h_h001529,여,30,261,오설록티뮤지엄,전시/공연,전시/기념관,기타전시/박물관,2.0
h_h001543,여,50,261,오설록티뮤지엄,전시/공연,전시/기념관,기타전시/박물관,4.0
h_h001557,여,20,261,오설록티뮤지엄,전시/공연,전시/기념관,기타전시/박물관,4.0
h_h001563,여,20,261,오설록티뮤지엄,전시/공연,전시/기념관,기타전시/박물관,5.0
h_h001610,여,40,261,오설록티뮤지엄,전시/공연,전시/기념관,기타전시/박물관,5.0
h_h001663,여,30,261,오설록티뮤지엄,전시/공연,전시/기념관,기타전시/박물관,5.0
h_h001670,여,30,261,오설록티뮤지엄,전시/공연,전시/기념관,기타전시/박물관,3.0
h_h001695,여,20,261,오설록티뮤지엄,전시/공연,전시/기념관,기타전시/박물관,4.0
h_h001697,여,20,261,오설록티뮤지엄,전시/공연,전시/기념관,기타전시/박물관,5.0
h_h001705,여,60,261,오설록티뮤지엄,전시/공연,전시/기념관,기타전시/박물관,5.0
h_h001731,여,30,261,오설록티뮤지엄,전시/공연,전시/기념관,기타전시/박물관,5.0
h_h001742,여,40,261,오설록티뮤지엄,전시/공연,전시/기념관,기타전시/박물관,2.0
h_h001807,여,20,261,오설록티뮤지엄,전시/공연,전시/기념관,기타전시/박물관,5.0
h_h001820,여,40,261,오설록티뮤지엄,전시/공연,전시/기념관,기타전시/박물관,4.0
h_h001838,여,20,261,오설록티뮤지엄,전시/공연,전시/기념관,기타전시/박물관,4.0
h_h001842,남,20,261,오설록티뮤지엄,전시/공연,전시/기념관,기타전시/박물관,5.0
h_h001843,여,30,261,오설록티뮤지엄,전시/공연,전시/기념관,기타전시/박물관,5.0
h_h001844,여,20,261,오설록티뮤지엄,전시/공연,전시/기념관,기타전시/박물관,3.0
h_h001933,여,30,261,오설록티뮤지엄,전시/공연,전시/기념관,기타전시/박물관,5.0
h_h001965,남,30,261,오설록티뮤지엄,전시/공연,전시/기념관,기타전시/박물관,5.0
h_h002014,여,20,261,오설록티뮤지엄,전시/공연,전시/기념관,기타전시/박물관,5.0
h_h002029,남,30,261,오설록티뮤지엄,전시/공연,전시/기념관,기타전시/박물관,4.0
h_h002092,남,20,261,오설록티뮤지엄,전시/공연,전시/기념관,기타전시/박물관,5.0
h_h002099,남,20,261,오설록티뮤지엄,전시/공연,전시/기념관,기타전시/박물관,5.0
h_h002107,여,20,261,오설록티뮤지엄,전시/공연,전시/기념관,기타전시/박물관,5.0
h_h002129,여,20,261,오설록티뮤지엄,전시/공연,전시/기념관,기타전시/박물관,2.0
h_h002293,여,20,261,오설록티뮤지엄,전시/공연,전시/기념관,기타전시/박물관,4.0
h_h002302,여,20,261,오설록티뮤지엄,전시/공연,전시/기념관,기타전시/박물관,4.0
h_h002310,남,20,261,오설록티뮤지엄,전시/공연,전시/기념관,기타전시/박물관,5.0
h_h002378,남,30,261,오설록티뮤지엄,전시/공연,전시/기념관,기타전시/박물관,5.0
h_h002379,여,20,261,오설록티뮤지엄,전시/공연,전시/기념관,기타전시/박물관,5.0
h_h002385,남,20,261,오설록티뮤지엄,전시/공연,전시/기념관,기타전시/박물관,5.0
h_h002416,남,30,261,오설록티뮤지엄,전시/공연,전시/기념관,기타전시/박물관,4.0
h_h002421,남,30,261,오설록티뮤지엄,전시/공연,전시/기념관,기타전시/박물관,5.0
h_h002442,여,30,261,오설록티뮤지엄,전시/공연,전시/기념관,기타전시/박물관,3.0
h_h002476,남,40,261,오설록티뮤지엄,전시/공연,전시/기념관,기타전시/박물관,4.0
h_h002509,남,30,261,오설록티뮤지엄,전시/공연,전시/기념관,기타전시/박물관,3.0
h_h002533,여,30,261,오설록티뮤지엄,전시/공연,전시/기념관,기타전시/박물관,4.0
h_h002587,여,20,261,오설록티뮤지엄,전시/공연,전시/기념관,기타전시/박물관,3.0
h_h002625,여,60,261,오설록티뮤지엄,전시/공연,전시/기념관,기타전시/박물관,4.0
h_h002913,여,30,261,오설록티뮤지엄,전시/공연,전시/기념관,기타전시/박물관,5.0
h_h002944,여,30,261,오설록티뮤지엄,전시/공연,전시/기념관,기타전시/박물관,4.0
h_h003123,여,20,261,오설록티뮤지엄,전시/공연,전시/기념관,기타전시/박물관,5.0
h_h003142,여,20,261,오설록티뮤지엄,전시/공연,전시/기념관,기타전시/박물관,5.0
h_h003273,여,30,261,오설록티뮤지엄,전시/공연,전시/기념관,기타전시/박물관,5.0
h_h003477,여,20,261,오설록티뮤지엄,전시/공연,전시/기념관,기타전시/박물관,4.0
h_h003561,남,20,261,오설록티뮤지엄,전시/공연,전시/기념관,기타전시/박물관,4.0
h_h003578,여,30,261,오설록티뮤지엄,전시/공연,전시/기념관,기타전시/박물관,3.0
h_h003588,여,50,261,오설록티뮤지엄,전시/공연,전시/기념관,기타전시/박물관,3.0
h_h003614,여,20,261,오설록티뮤지엄,전시/공연,전시/기념관,기타전시/박물관,4.0
h_h003637,여,20,261,오설록티뮤지엄,전시/공연,전시/기념관,기타전시/박물관,5.0
h_h003722,남,50,261,오설록티뮤지엄,전시/공연,전시/기념관,기타전시/박물관,4.0
h_h003726,여,20,261,오설록티뮤지엄,전시/공연,전시/기념관,기타전시/박물관,5.0
h_h004032,남,30,261,오설록티뮤지엄,전시/공연,전시/기념관,기타전시/박물관,5.0
h_h004105,여,30,261,오설록티뮤지엄,전시/공연,전시/기념관,기타전시/박물관,5.0
h_h004150,여,30,261,오설록티뮤지엄,전시/공연,전시/기념관,기타전시/박물관,5.0
h_h004184,남,30,261,오설록티뮤지엄,전시/공연,전시/기념관,기타전시/박물관,3.0
h_h004206,여,20,261,오설록티뮤지엄,전시/공연,전시/기념관,기타전시/박물관,5.0
h_h004218,여,20,261,오설록티뮤지엄,전시/공연,전시/기념관,기타전시/박물관,5.0
h_h004219,남,20,261,오설록티뮤지엄,전시/공연,전시/기념관,기타전시/박물관,5.0
h_h004233,여,20,261,오설록티뮤지엄,전시/공연,전시/기념관,기타전시/박물관,5.0
h_h004328,남,30,261,오설록티뮤지엄,전시/공연,전시/기념관,기타전시/박물관,3.0
h_h004406,남,40,261,오설록티뮤지엄,전시/공연,전시/기념관,기타전시/박물관,4.0
h_h004499,남,30,261,오설록티뮤지엄,전시/공연,전시/기념관,기타전시/박물관,4.0
h_h004696,여,20,261,오설록티뮤지엄,전시/공연,전시/기념관,기타전시/박물관,5.0
h_h004845,남,20,261,오설록티뮤지엄,전시/공연,전시/기념관,기타전시/박물관,5.0
h_h005014,여,20,261,오설록티뮤지엄,전시/공연,전시/기념관,기타전시/박물관,3.0
h_h005044,여,30,261,오설록티뮤지엄,전시/공연,전시/기념관,기타전시/박물관,5.0
h_h005058,남,30,261,오설록티뮤지엄,전시/공연,전시/기념관,기타전시/박물관,4.0
h_h005113,여,30,261,오설록티뮤지엄,전시/공연,전시/기념관,기타전시/박물관,5.0
h_h005177,여,30,261,오설록티뮤지엄,전시/공연,전시/기념관,기타전시/박물관,4.0
h_h005181,남,30,261,오설록티뮤지엄,전시/공연,전시/기념관,기타전시/박물관,5.0
h_h005184,여,30,261,오설록티뮤지엄,전시/공연,전시/기념관,기타전시/박물관,4.0
h_h005201,여,20,261,오설록티뮤지엄,전시/공연,전시/기념관,기타전시/박물관,5.0
h_h005234,여,30,261,오설록티뮤지엄,전시/공연,전시/기념관,기타전시/박물관,5.0
h_h005428,여,20,261,오설록티뮤지엄,전시/공연,전시/기념관,기타전시/박물관,5.0
h_h005495,남,20,261,오설록티뮤지엄,전시/공연,전시/기념관,기타전시/박물관,5.0
h_h005535,여,50,261,오설록티뮤지엄,전시/공연,전시/기념관,기타전시/박물관,5.0
h_h005605,남,30,261,오설록티뮤지엄,전시/공연,전시/기념관,기타전시/박물관,4.0
h_h005680,여,30,261,오설록티뮤지엄,전시/공연,전시/기념관,기타전시/박물관,5.0
h_h005763,남,20,261,오설록티뮤지엄,전시/공연,전시/기념관,기타전시/박물관,4.0
h_h005851,여,20,261,오설록티뮤지엄,전시/공연,전시/기념관,기타전시/박물관,5.0
h_h005884,남,30,261,오설록티뮤지엄,전시/공연,전시/기념관,기타전시/박물관,5.0
h_h005888,여,30,261,오설록티뮤지엄,전시/공연,전시/기념관,기타전시/박물관,5.0
h_h006435,여,50,261,오설록티뮤지엄,전시/공연,전시/기념관,기타전시/박물관,5.0
h_h006443,남,40,261,오설록티뮤지엄,전시/공연,전시/기념관,기타전시/박물관,5.0
h_h006530,여,60,261,오설록티뮤지엄,전시/공연,전시/기념관,기타전시/박물관,4.0
h_h006581,남,30,261,오설록티뮤지엄,전시/공연,전시/기념관,기타전시/박물관,5.0
h_h006681,여,50,261,오설록티뮤지엄,전시/공연,전시/기념관,기타전시/박물관,4.0
h_h006766,남,50,261,오설록티뮤지엄,전시/공연,전시/기념관,기타전시/박물관,5.0
h_h000053,여,30,280,우도봉,문화관광/명소,관광지,N,5.0
h_h000339,여,40,280,우도봉,문화관광/명소,관광지,N,5.0
h_h000759,여,30,280,우도봉,문화관광/명소,관광지,N,3.0
h_h001574,남,20,280,우도봉,문화관광/명소,관광지,N,5.0
h_h002659,여,30,280,우도봉,문화관광/명소,관광지,N,4.0
h_h003720,여,20,280,우도봉,문화관광/명소,관광지,N,4.0
h_h000884,여,30,287,웅지승마센터,문화관광/명소,관광지,유명관광지,4.0
h_h000143,여,30,292,윈드1947카트테마파크,문화관광/명소,관광지,테마공원/대형놀이공원,2.0
h_h000271,여,30,292,윈드1947카트테마파크,문화관광/명소,관광지,테마공원/대형놀이공원,4.0
h_h000599,여,50,292,윈드1947카트테마파크,문화관광/명소,관광지,테마공원/대형놀이공원,5.0
h_h000609,여,50,292,윈드1947카트테마파크,문화관광/명소,관광지,테마공원/대형놀이공원,3.0
h_h000637,남,20,292,윈드1947카트테마파크,문화관광/명소,관광지,테마공원/대형놀이공원,5.0
h_h000765,남,40,292,윈드1947카트테마파크,문화관광/명소,관광지,테마공원/대형놀이공원,4.0
h_h000871,남,40,292,윈드1947카트테마파크,문화관광/명소,관광지,테마공원/대형놀이공원,5.0
h_h001127,여,30,292,윈드1947카트테마파크,문화관광/명소,관광지,테마공원/대형놀이공원,5.0
h_h001306,여,30,292,윈드1947카트테마파크,문화관광/명소,관광지,테마공원/대형놀이공원,4.0
h_h001366,남,20,292,윈드1947카트테마파크,문화관광/명소,관광지,테마공원/대형놀이공원,5.0
h_h001392,남,40,292,윈드1947카트테마파크,문화관광/명소,관광지,테마공원/대형놀이공원,4.0
h_h001989,여,50,292,윈드1947카트테마파크,문화관광/명소,관광지,테마공원/대형놀이공원,4.0
h_h002132,남,30,292,윈드1947카트테마파크,문화관광/명소,관광지,테마공원/대형놀이공원,5.0
h_h002133,남,20,292,윈드1947카트테마파크,문화관광/명소,관광지,테마공원/대형놀이공원,4.0
h_h002653,여,20,292,윈드1947카트테마파크,문화관광/명소,관광지,테마공원/대형놀이공원,4.0
h_h002873,여,30,292,윈드1947카트테마파크,문화관광/명소,관광지,테마공원/대형놀이공원,4.0
h_h003057,남,20,292,윈드1947카트테마파크,문화관광/명소,관광지,테마공원/대형놀이공원,4.0
h_h003219,여,20,292,윈드1947카트테마파크,문화관광/명소,관광지,테마공원/대형놀이공원,5.0
h_h003742,여,20,292,윈드1947카트테마파크,문화관광/명소,관광지,테마공원/대형놀이공원,5.0
h_h003744,여,20,292,윈드1947카트테마파크,문화관광/명소,관광지,테마공원/대형놀이공원,5.0
h_h004298,남,20,292,윈드1947카트테마파크,문화관광/명소,관광지,테마공원/대형놀이공원,3.0
h_h004845,남,20,292,윈드1947카트테마파크,문화관광/명소,관광지,테마공원/대형놀이공원,1.0
h_h004919,남,20,292,윈드1947카트테마파크,문화관광/명소,관광지,테마공원/대형놀이공원,5.0
h_h005037,남,30,292,윈드1947카트테마파크,문화관광/명소,관광지,테마공원/대형놀이공원,5.0
h_h005066,여,20,292,윈드1947카트테마파크,문화관광/명소,관광지,테마공원/대형놀이공원,4.0
h_h005181,남,30,292,윈드1947카트테마파크,문화관광/명소,관광지,테마공원/대형놀이공원,5.0
h_h006375,여,30,292,윈드1947카트테마파크,문화관광/명소,관광지,테마공원/대형놀이공원,4.0
h_h000616,여,50,297,이중섭미술관,전시/공연,전시/기념관,미술관,5.0
h_h000768,여,50,297,이중섭미술관,전시/공연,전시/기념관,미술관,4.0
h_h001127,여,30,297,이중섭미술관,전시/공연,전시/기념관,미술관,5.0
h_h001200,남,50,297,이중섭미술관,전시/공연,전시/기념관,미술관,3.0
h_h001242,여,20,297,이중섭미술관,전시/공연,전시/기념관,미술관,5.0
h_h001705,여,60,297,이중섭미술관,전시/공연,전시/기념관,미술관,4.0
h_h001713,여,40,297,이중섭미술관,전시/공연,전시/기념관,미술관,3.0
h_h001788,남,50,297,이중섭미술관,전시/공연,전시/기념관,미술관,4.0
h_h001935,여,40,297,이중섭미술관,전시/공연,전시/기념관,미술관,4.0
h_h001954,여,20,297,이중섭미술관,전시/공연,전시/기념관,미술관,4.0
h_h002138,남,30,297,이중섭미술관,전시/공연,전시/기념관,미술관,5.0
h_h002335,여,30,297,이중섭미술관,전시/공연,전시/기념관,미술관,4.0
h_h002552,여,20,297,이중섭미술관,전시/공연,전시/기념관,미술관,5.0
h_h002751,남,20,297,이중섭미술관,전시/공연,전시/기념관,미술관,5.0
h_h002873,여,30,297,이중섭미술관,전시/공연,전시/기념관,미술관,4.0
h_h003264,남,40,297,이중섭미술관,전시/공연,전시/기념관,미술관,4.0
h_h003272,여,50,297,이중섭미술관,전시/공연,전시/기념관,미술관,4.0
h_h003563,남,30,297,이중섭미술관,전시/공연,전시/기념관,미술관,3.0
h_h004300,여,30,297,이중섭미술관,전시/공연,전시/기념관,미술관,5.0
h_h004376,여,50,297,이중섭미술관,전시/공연,전시/기념관,미술관,2.0
h_h004446,여,20,297,이중섭미술관,전시/공연,전시/기념관,미술관,5.0
h_h006464,남,40,297,이중섭미술관,전시/공연,전시/기념관,미술관,5.0
h_h003135,남,30,304,일출랜드,문화관광/명소,관광지,유명관광지,4.0
h_h000032,여,30,310,절물자연휴양림,문화관광/명소,관광지,휴양림/수목원,4.0
h_h000037,남,40,310,절물자연휴양림,문화관광/명소,관광지,휴양림/수목원,4.0
h_h000049,여,60,310,절물자연휴양림,문화관광/명소,관광지,휴양림/수목원,5.0
h_h000097,남,50,310,절물자연휴양림,문화관광/명소,관광지,휴양림/수목원,5.0
h_h000108,여,20,310,절물자연휴양림,문화관광/명소,관광지,휴양림/수목원,5.0
h_h000271,여,30,310,절물자연휴양림,문화관광/명소,관광지,휴양림/수목원,5.0
h_h000336,여,50,310,절물자연휴양림,문화관광/명소,관광지,휴양림/수목원,5.0
h_h000765,남,40,310,절물자연휴양림,문화관광/명소,관광지,휴양림/수목원,4.0
h_h000789,여,30,310,절물자연휴양림,문화관광/명소,관광지,휴양림/수목원,5.0
h_h000897,여,20,310,절물자연휴양림,문화관광/명소,관광지,휴양림/수목원,5.0
h_h000926,여,40,310,절물자연휴양림,문화관광/명소,관광지,휴양림/수목원,4.0
h_h001025,남,50,310,절물자연휴양림,문화관광/명소,관광지,휴양림/수목원,5.0
h_h001443,여,30,310,절물자연휴양림,문화관광/명소,관광지,휴양림/수목원,4.0
h_h001451,여,20,310,절물자연휴양림,문화관광/명소,관광지,휴양림/수목원,5.0
h_h001572,여,20,310,절물자연휴양림,문화관광/명소,관광지,휴양림/수목원,5.0
h_h001874,여,40,310,절물자연휴양림,문화관광/명소,관광지,휴양림/수목원,5.0
h_h001889,여,20,310,절물자연휴양림,문화관광/명소,관광지,휴양림/수목원,5.0
h_h002163,여,30,310,절물자연휴양림,문화관광/명소,관광지,휴양림/수목원,4.0
h_h002548,남,30,310,절물자연휴양림,문화관광/명소,관광지,휴양림/수목원,4.0
h_h003359,남,60,310,절물자연휴양림,문화관광/명소,관광지,휴양림/수목원,5.0
h_h003531,여,20,310,절물자연휴양림,문화관광/명소,관광지,휴양림/수목원,4.0
h_h003872,여,30,310,절물자연휴양림,문화관광/명소,관광지,휴양림/수목원,5.0
h_h003876,여,60,310,절물자연휴양림,문화관광/명소,관광지,휴양림/수목원,4.0
h_h003880,여,60,310,절물자연휴양림,문화관광/명소,관광지,휴양림/수목원,4.0
h_h004032,남,30,310,절물자연휴양림,문화관광/명소,관광지,휴양림/수목원,5.0
h_h004244,남,20,310,절물자연휴양림,문화관광/명소,관광지,휴양림/수목원,5.0
h_h004911,여,50,310,절물자연휴양림,문화관광/명소,관광지,휴양림/수목원,4.0
h_h005580,여,20,310,절물자연휴양림,문화관광/명소,관광지,휴양림/수목원,5.0
h_h001849,여,40,317,제주4.3평화공원,레저/체육/공원,공원,대형시민/도심공원,5.0
h_h003359,남,60,317,제주4.3평화공원,레저/체육/공원,공원,대형시민/도심공원,5.0
h_h004288,여,50,317,제주4.3평화공원,레저/체육/공원,공원,대형시민/도심공원,5.0
h_h005559,남,30,317,제주4.3평화공원,레저/체육/공원,공원,대형시민/도심공원,5.0
h_h000768,여,50,318,제주4.3평화공원제주4.3평화기념관,전시/공연,전시/기념관,기타전시/박물관,4.0
h_h003717,여,40,318,제주4.3평화공원제주4.3평화기념관,전시/공연,전시/기념관,기타전시/박물관,5.0
h_h004911,여,50,318,제주4.3평화공원제주4.3평화기념관,전시/공연,전시/기념관,기타전시/박물관,4.0
h_h005321,여,40,318,제주4.3평화공원제주4.3평화기념관,전시/공연,전시/기념관,기타전시/박물관,5.0
h_h000042,여,60,323,제주곶자왈도립공원,레저/체육/공원,공원,도립공원,3.0
h_h000314,남,50,323,제주곶자왈도립공원,레저/체육/공원,공원,도립공원,5.0
h_h000334,남,40,323,제주곶자왈도립공원,레저/체육/공원,공원,도립공원,5.0
h_h000584,여,40,323,제주곶자왈도립공원,레저/체육/공원,공원,도립공원,5.0
h_h000868,남,40,323,제주곶자왈도립공원,레저/체육/공원,공원,도립공원,5.0
h_h001482,남,50,323,제주곶자왈도립공원,레저/체육/공원,공원,도립공원,5.0
h_h001643,남,40,323,제주곶자왈도립공원,레저/체육/공원,공원,도립공원,5.0
h_h003614,여,20,323,제주곶자왈도립공원,레저/체육/공원,공원,도립공원,4.0
h_h005234,여,30,323,제주곶자왈도립공원,레저/체육/공원,공원,도립공원,5.0
h_h006435,여,50,323,제주곶자왈도립공원,레저/체육/공원,공원,도립공원,4.0
h_h006462,남,30,323,제주곶자왈도립공원,레저/체육/공원,공원,도립공원,4.0
h_h006665,남,30,323,제주곶자왈도립공원,레저/체육/공원,공원,도립공원,4.0
h_h000238,남,30,327,제주국제평화센터,전시/공연,전시/기념관,대형기념관/묘역,4.0
h_h000212,여,40,332,제주도립김창열미술관,전시/공연,전시/기념관,미술관,5.0
h_h000324,여,20,332,제주도립김창열미술관,전시/공연,전시/기념관,미술관,5.0
h_h000481,여,20,332,제주도립김창열미술관,전시/공연,전시/기념관,미술관,5.0
h_h001034,여,20,332,제주도립김창열미술관,전시/공연,전시/기념관,미술관,5.0
h_h001233,여,20,332,제주도립김창열미술관,전시/공연,전시/기념관,미술관,5.0
h_h001276,남,30,332,제주도립김창열미술관,전시/공연,전시/기념관,미술관,5.0
h_h001582,남,20,332,제주도립김창열미술관,전시/공연,전시/기념관,미술관,5.0
h_h001731,여,30,332,제주도립김창열미술관,전시/공연,전시/기념관,미술관,5.0
h_h002684,남,40,332,제주도립김창열미술관,전시/공연,전시/기념관,미술관,5.0
h_h003763,여,60,332,제주도립김창열미술관,전시/공연,전시/기념관,미술관,5.0
h_h003980,여,50,332,제주도립김창열미술관,전시/공연,전시/기념관,미술관,5.0
h_h004251,여,20,332,제주도립김창열미술관,전시/공연,전시/기념관,미술관,5.0
h_h005342,여,30,332,제주도립김창열미술관,전시/공연,전시/기념관,미술관,5.0
h_h005851,여,20,332,제주도립김창열미술관,전시/공연,전시/기념관,미술관,5.0
h_h006102,남,30,332,제주도립김창열미술관,전시/공연,전시/기념관,미술관,5.0
h_h006697,여,30,332,제주도립김창열미술관,전시/공연,전시/기념관,미술관,4.0
h_h000234,여,50,333,제주도립미술관,전시/공연,전시/기념관,대형미술관,5.0
h_h000772,여,40,333,제주도립미술관,전시/공연,전시/기념관,대형미술관,5.0
h_h000821,여,30,333,제주도립미술관,전시/공연,전시/기념관,대형미술관,4.0
h_h001167,여,40,333,제주도립미술관,전시/공연,전시/기념관,대형미술관,4.0
h_h001364,여,40,333,제주도립미술관,전시/공연,전시/기념관,대형미술관,4.0
h_h000329,남,30,335,제주돌문화공원,문화관광/명소,관광지,유명관광지,1.0
h_h000337,여,50,335,제주돌문화공원,문화관광/명소,관광지,유명관광지,5.0
h_h000719,여,50,335,제주돌문화공원,문화관광/명소,관광지,유명관광지,5.0
h_h002723,여,40,335,제주돌문화공원,문화관광/명소,관광지,유명관광지,4.0
h_h004060,여,20,335,제주돌문화공원,문화관광/명소,관광지,유명관광지,5.0
h_h005583,여,30,335,제주돌문화공원,문화관광/명소,관광지,유명관광지,5.0
h_h006472,남,30,335,제주돌문화공원,문화관광/명소,관광지,유명관광지,5.0
h_h002378,남,30,339,제주러브랜드,문화관광/명소,관광지,유명관광지,4.0
h_h000068,여,30,346,제주민속촌,전시/공연,전시/기념관,대형전시/박물관,5.0
h_h000342,여,50,346,제주민속촌,전시/공연,전시/기념관,대형전시/박물관,4.0
h_h000756,여,40,346,제주민속촌,전시/공연,전시/기념관,대형전시/박물관,3.0
h_h000760,여,50,346,제주민속촌,전시/공연,전시/기념관,대형전시/박물관,4.0
h_h000871,남,40,346,제주민속촌,전시/공연,전시/기념관,대형전시/박물관,5.0
h_h002291,여,40,346,제주민속촌,전시/공연,전시/기념관,대형전시/박물관,5.0
h_h002356,여,20,346,제주민속촌,전시/공연,전시/기념관,대형전시/박물관,4.0
h_h002474,남,50,346,제주민속촌,전시/공연,전시/기념관,대형전시/박물관,5.0
h_h002659,여,30,346,제주민속촌,전시/공연,전시/기념관,대형전시/박물관,4.0
h_h002659,여,30,346,제주민속촌,전시/공연,전시/기념관,대형전시/박물관,2.0
h_h002694,여,50,346,제주민속촌,전시/공연,전시/기념관,대형전시/박물관,4.0
h_h002847,남,60,346,제주민속촌,전시/공연,전시/기념관,대형전시/박물관,5.0
h_h003094,남,30,346,제주민속촌,전시/공연,전시/기념관,대형전시/박물관,4.0
h_h003481,남,40,346,제주민속촌,전시/공연,전시/기념관,대형전시/박물관,5.0
h_h003556,여,20,346,제주민속촌,전시/공연,전시/기념관,대형전시/박물관,5.0
h_h003880,여,60,346,제주민속촌,전시/공연,전시/기념관,대형전시/박물관,3.0
h_h004298,남,20,346,제주민속촌,전시/공연,전시/기념관,대형전시/박물관,4.0
h_h006617,여,50,346,제주민속촌,전시/공연,전시/기념관,대형전시/박물관,3.0
h_h000453,여,30,348,제주불빛정원,문화관광/명소,관광지,테마공원/대형놀이공원,5.0
h_h002246,여,30,348,제주불빛정원,문화관광/명소,관광지,테마공원/대형놀이공원,4.0
h_h003536,남,20,348,제주불빛정원,문화관광/명소,관광지,테마공원/대형놀이공원,5.0
h_h000047,여,50,352,제주시민속오일시장,문화관광/명소,관광지,유명관광지,3.0
h_h000584,여,40,352,제주시민속오일시장,문화관광/명소,관광지,유명관광지,4.0
h_h000592,여,30,352,제주시민속오일시장,문화관광/명소,관광지,유명관광지,5.0
h_h001150,여,50,352,제주시민속오일시장,문화관광/명소,관광지,유명관광지,4.0
h_h001182,여,50,352,제주시민속오일시장,문화관광/명소,관광지,유명관광지,4.0
h_h001288,여,50,352,제주시민속오일시장,문화관광/명소,관광지,유명관광지,4.0
h_h001847,여,40,352,제주시민속오일시장,문화관광/명소,관광지,유명관광지,5.0
h_h002629,여,40,352,제주시민속오일시장,문화관광/명소,관광지,유명관광지,4.0
h_h002944,여,30,352,제주시민속오일시장,문화관광/명소,관광지,유명관광지,4.0
h_h003871,여,20,352,제주시민속오일시장,문화관광/명소,관광지,유명관광지,2.0
h_h004208,여,40,352,제주시민속오일시장,문화관광/명소,관광지,유명관광지,4.0
h_h006682,여,30,352,제주시민속오일시장,문화관광/명소,관광지,유명관광지,4.0
h_h000218,남,50,355,제주신화월드,문화관광/명소,관광지,유명관광지,5.0
h_h000069,여,50,359,제주아트서커스,전시/공연,영화/연극/공연,N,5.0
h_h000188,남,50,359,제주아트서커스,전시/공연,영화/연극/공연,N,4.0
h_h000222,여,30,359,제주아트서커스,전시/공연,영화/연극/공연,N,4.0
h_h000306,남,50,359,제주아트서커스,전시/공연,영화/연극/공연,N,4.0
h_h000484,여,50,359,제주아트서커스,전시/공연,영화/연극/공연,N,3.0
h_h000488,여,20,359,제주아트서커스,전시/공연,영화/연극/공연,N,5.0
h_h000512,남,50,359,제주아트서커스,전시/공연,영화/연극/공연,N,5.0
h_h000678,여,50,359,제주아트서커스,전시/공연,영화/연극/공연,N,5.0
h_h000689,남,30,359,제주아트서커스,전시/공연,영화/연극/공연,N,5.0
h_h000763,여,50,359,제주아트서커스,전시/공연,영화/연극/공연,N,5.0
h_h000771,여,40,359,제주아트서커스,전시/공연,영화/연극/공연,N,4.0
h_h000815,남,50,359,제주아트서커스,전시/공연,영화/연극/공연,N,5.0
h_h001406,여,40,359,제주아트서커스,전시/공연,영화/연극/공연,N,4.0
h_h001429,여,30,359,제주아트서커스,전시/공연,영화/연극/공연,N,5.0
h_h001433,남,50,359,제주아트서커스,전시/공연,영화/연극/공연,N,5.0
h_h001742,여,40,359,제주아트서커스,전시/공연,영화/연극/공연,N,4.0
h_h001849,여,40,359,제주아트서커스,전시/공연,영화/연극/공연,N,5.0
h_h002027,남,40,359,제주아트서커스,전시/공연,영화/연극/공연,N,4.0
h_h002265,남,50,359,제주아트서커스,전시/공연,영화/연극/공연,N,5.0
h_h002328,남,40,359,제주아트서커스,전시/공연,영화/연극/공연,N,4.0
h_h002659,여,30,359,제주아트서커스,전시/공연,영화/연극/공연,N,5.0
h_h003120,남,20,359,제주아트서커스,전시/공연,영화/연극/공연,N,5.0
h_h003660,여,50,359,제주아트서커스,전시/공연,영화/연극/공연,N,4.0
h_h004298,남,20,359,제주아트서커스,전시/공연,영화/연극/공연,N,5.0
h_h004330,여,30,359,제주아트서커스,전시/공연,영화/연극/공연,N,3.0
h_h004530,남,20,359,제주아트서커스,전시/공연,영화/연극/공연,N,5.0
h_h005535,여,50,359,제주아트서커스,전시/공연,영화/연극/공연,N,5.0
h_h006402,여,30,359,제주아트서커스,전시/공연,영화/연극/공연,N,5.0
h_h001257,여,50,361,제주영상문화산업진흥원,전시/공연,영화/연극/공연,공연/연극/문화센터,5.0
h_h000068,여,30,367,제주월드컵경기장,레저/체육/공원,대형체육시설,월드컵경기장,5.0
h_h000163,남,40,367,제주월드컵경기장,레저/체육/공원,대형체육시설,월드컵경기장,4.0
h_h000257,남,50,367,제주월드컵경기장,레저/체육/공원,대형체육시설,월드컵경기장,4.0
h_h001724,남,30,367,제주월드컵경기장,레저/체육/공원,대형체육시설,월드컵경기장,5.0
h_h004099,남,20,367,제주월드컵경기장,레저/체육/공원,대형체육시설,월드컵경기장,5.0
h_h006668,남,50,367,제주월드컵경기장,레저/체육/공원,대형체육시설,월드컵경기장,5.0
h_h002035,여,20,381,제주종합경기장,레저/체육/공원,대형체육시설,종합운동장컴플렉스,4.0
h_h002145,남,20,381,제주종합경기장,레저/체육/공원,대형체육시설,종합운동장컴플렉스,4.0
h_h004410,여,30,381,제주종합경기장,레저/체육/공원,대형체육시설,종합운동장컴플렉스,5.0
h_h004621,여,20,381,제주종합경기장,레저/체육/공원,대형체육시설,종합운동장컴플렉스,5.0
h_h001494,여,20,386,제주차귀도요트투어,레저/체육/공원,대형레저시설,요트장,4.0
h_h001959,남,30,386,제주차귀도요트투어,레저/체육/공원,대형레저시설,요트장,5.0
h_h000200,여,40,388,제주커피박물관바움,전시/공연,전시/기념관,기타전시/박물관,3.0
h_h002125,남,30,388,제주커피박물관바움,전시/공연,전시/기념관,기타전시/박물관,5.0
h_h000093,여,30,389,제주코코몽에코파크,문화관광/명소,관광지,테마공원/대형놀이공원,5.0
h_h000529,여,50,389,제주코코몽에코파크,문화관광/명소,관광지,테마공원/대형놀이공원,5.0
h_h000537,여,50,389,제주코코몽에코파크,문화관광/명소,관광지,테마공원/대형놀이공원,5.0
h_h000829,여,30,389,제주코코몽에코파크,문화관광/명소,관광지,테마공원/대형놀이공원,5.0
h_h002948,여,30,389,제주코코몽에코파크,문화관광/명소,관광지,테마공원/대형놀이공원,4.0
h_h003444,남,40,389,제주코코몽에코파크,문화관광/명소,관광지,테마공원/대형놀이공원,3.0
h_h003978,여,40,389,제주코코몽에코파크,문화관광/명소,관광지,테마공원/대형놀이공원,5.0
h_h006434,남,50,395,제주학생문화원,전시/공연,전시/기념관,기타전시/박물관,5.0
h_h000013,남,40,397,제주항공우주박물관,전시/공연,전시/기념관,대형전시/박물관,4.0
h_h000020,여,50,397,제주항공우주박물관,전시/공연,전시/기념관,대형전시/박물관,4.0
h_h000125,남,50,397,제주항공우주박물관,전시/공연,전시/기념관,대형전시/박물관,5.0
h_h000192,여,40,397,제주항공우주박물관,전시/공연,전시/기념관,대형전시/박물관,4.0
h_h000283,남,40,397,제주항공우주박물관,전시/공연,전시/기념관,대형전시/박물관,5.0
h_h000321,여,40,397,제주항공우주박물관,전시/공연,전시/기념관,대형전시/박물관,5.0
h_h000453,여,30,397,제주항공우주박물관,전시/공연,전시/기념관,대형전시/박물관,5.0
h_h000486,여,40,397,제주항공우주박물관,전시/공연,전시/기념관,대형전시/박물관,4.0
h_h000589,여,30,397,제주항공우주박물관,전시/공연,전시/기념관,대형전시/박물관,4.0
h_h000833,여,30,397,제주항공우주박물관,전시/공연,전시/기념관,대형전시/박물관,5.0
h_h000855,여,50,397,제주항공우주박물관,전시/공연,전시/기념관,대형전시/박물관,5.0
h_h001054,남,20,397,제주항공우주박물관,전시/공연,전시/기념관,대형전시/박물관,5.0
h_h001156,여,40,397,제주항공우주박물관,전시/공연,전시/기념관,대형전시/박물관,4.0
h_h001254,남,30,397,제주항공우주박물관,전시/공연,전시/기념관,대형전시/박물관,5.0
h_h001670,여,30,397,제주항공우주박물관,전시/공연,전시/기념관,대형전시/박물관,5.0
h_h001688,여,40,397,제주항공우주박물관,전시/공연,전시/기념관,대형전시/박물관,4.0
h_h001726,여,30,397,제주항공우주박물관,전시/공연,전시/기념관,대형전시/박물관,5.0
h_h001742,여,40,397,제주항공우주박물관,전시/공연,전시/기념관,대형전시/박물관,5.0
h_h002042,여,40,397,제주항공우주박물관,전시/공연,전시/기념관,대형전시/박물관,5.0
h_h002308,여,40,397,제주항공우주박물관,전시/공연,전시/기념관,대형전시/박물관,5.0
h_h002428,남,60,397,제주항공우주박물관,전시/공연,전시/기념관,대형전시/박물관,4.0
h_h002498,남,30,397,제주항공우주박물관,전시/공연,전시/기념관,대형전시/박물관,4.0
h_h002771,여,30,397,제주항공우주박물관,전시/공연,전시/기념관,대형전시/박물관,5.0
h_h002913,여,30,397,제주항공우주박물관,전시/공연,전시/기념관,대형전시/박물관,5.0
h_h002913,여,30,397,제주항공우주박물관,전시/공연,전시/기념관,대형전시/박물관,4.0
h_h003578,여,30,397,제주항공우주박물관,전시/공연,전시/기념관,대형전시/박물관,4.0
h_h003684,남,30,397,제주항공우주박물관,전시/공연,전시/기념관,대형전시/박물관,4.0
h_h003703,여,30,397,제주항공우주박물관,전시/공연,전시/기념관,대형전시/박물관,5.0
h_h004055,남,20,397,제주항공우주박물관,전시/공연,전시/기념관,대형전시/박물관,5.0
h_h005309,여,30,397,제주항공우주박물관,전시/공연,전시/기념관,대형전시/박물관,5.0
h_h006530,여,60,397,제주항공우주박물관,전시/공연,전시/기념관,대형전시/박물관,5.0
h_h001905,여,40,398,제주항일기념관,전시/공연,전시/기념관,대형기념관/묘역,5.0
h_h006215,남,30,398,제주항일기념관,전시/공연,전시/기념관,대형기념관/묘역,5.0
h_h000104,여,30,400,제주해양동물박물관,전시/공연,전시/기념관,기타전시/박물관,4.0
h_h000745,여,30,400,제주해양동물박물관,전시/공연,전시/기념관,기타전시/박물관,1.0
h_h001737,남,20,400,제주해양동물박물관,전시/공연,전시/기념관,기타전시/박물관,5.0
h_h001976,남,30,400,제주해양동물박물관,전시/공연,전시/기념관,기타전시/박물관,5.0
h_h002549,남,30,400,제주해양동물박물관,전시/공연,전시/기념관,기타전시/박물관,5.0
h_h003578,여,30,400,제주해양동물박물관,전시/공연,전시/기념관,기타전시/박물관,3.0
h_h005017,여,50,400,제주해양동물박물관,전시/공연,전시/기념관,기타전시/박물관,5.0
h_h000724,남,30,401,제주현대미술관,전시/공연,전시/기념관,대형미술관,5.0
h_h000768,여,50,401,제주현대미술관,전시/공연,전시/기념관,대형미술관,4.0
h_h001663,여,30,401,제주현대미술관,전시/공연,전시/기념관,대형미술관,5.0
h_h001726,여,30,401,제주현대미술관,전시/공연,전시/기념관,대형미술관,5.0
h_h001955,남,20,401,제주현대미술관,전시/공연,전시/기념관,대형미술관,5.0
h_h003410,여,20,401,제주현대미술관,전시/공연,전시/기념관,대형미술관,5.0
h_h003642,여,30,401,제주현대미술관,전시/공연,전시/기념관,대형미술관,5.0
h_h003742,여,20,401,제주현대미술관,전시/공연,전시/기념관,대형미술관,5.0
h_h003763,여,60,401,제주현대미술관,전시/공연,전시/기념관,대형미술관,4.0
h_h003763,여,60,401,제주현대미술관,전시/공연,전시/기념관,대형미술관,4.0
h_h004251,여,20,401,제주현대미술관,전시/공연,전시/기념관,대형미술관,4.0
h_h004328,남,30,401,제주현대미술관,전시/공연,전시/기념관,대형미술관,5.0
h_h005912,남,50,401,제주현대미술관,전시/공연,전시/기념관,대형미술관,4.0
h_h000645,여,30,406,조안베어뮤지엄,전시/공연,전시/기념관,기타전시/박물관,4.0
h_h005037,남,30,416,중문미로파크,문화관광/명소,관광지,테마공원/대형놀이공원,4.0
h_h001398,남,50,422,초콜릿박물관,전시/공연,전시/기념관,기타전시/박물관,3.0
h_h000042,여,60,428,카멜리아힐,문화관광/명소,관광지,식물원,4.0
h_h000074,여,30,428,카멜리아힐,문화관광/명소,관광지,식물원,4.0
h_h000098,남,20,428,카멜리아힐,문화관광/명소,관광지,식물원,5.0
h_h000103,여,30,428,카멜리아힐,문화관광/명소,관광지,식물원,3.0
h_h000156,여,40,428,카멜리아힐,문화관광/명소,관광지,식물원,5.0
h_h000188,남,50,428,카멜리아힐,문화관광/명소,관광지,식물원,5.0
h_h000204,여,30,428,카멜리아힐,문화관광/명소,관광지,식물원,5.0
h_h000217,남,40,428,카멜리아힐,문화관광/명소,관광지,식물원,1.0
h_h000222,여,30,428,카멜리아힐,문화관광/명소,관광지,식물원,5.0
h_h000225,여,30,428,카멜리아힐,문화관광/명소,관광지,식물원,5.0
h_h000231,여,30,428,카멜리아힐,문화관광/명소,관광지,식물원,4.0
h_h000271,여,30,428,카멜리아힐,문화관광/명소,관광지,식물원,4.0
h_h000281,남,50,428,카멜리아힐,문화관광/명소,관광지,식물원,5.0
h_h000282,남,30,428,카멜리아힐,문화관광/명소,관광지,식물원,5.0
h_h000473,여,30,428,카멜리아힐,문화관광/명소,관광지,식물원,4.0
h_h000484,여,50,428,카멜리아힐,문화관광/명소,관광지,식물원,4.0
h_h000491,여,50,428,카멜리아힐,문화관광/명소,관광지,식물원,5.0
h_h000512,남,50,428,카멜리아힐,문화관광/명소,관광지,식물원,5.0
h_h000533,남,40,428,카멜리아힐,문화관광/명소,관광지,식물원,5.0
h_h000534,여,30,428,카멜리아힐,문화관광/명소,관광지,식물원,3.0
h_h000595,여,40,428,카멜리아힐,문화관광/명소,관광지,식물원,4.0
h_h000602,남,30,428,카멜리아힐,문화관광/명소,관광지,식물원,4.0
h_h000678,여,50,428,카멜리아힐,문화관광/명소,관광지,식물원,5.0
h_h000701,여,30,428,카멜리아힐,문화관광/명소,관광지,식물원,5.0
h_h000716,여,40,428,카멜리아힐,문화관광/명소,관광지,식물원,4.0
h_h000765,남,40,428,카멜리아힐,문화관광/명소,관광지,식물원,3.0
h_h000805,여,20,428,카멜리아힐,문화관광/명소,관광지,식물원,5.0
h_h000810,남,20,428,카멜리아힐,문화관광/명소,관광지,식물원,5.0
h_h000857,여,20,428,카멜리아힐,문화관광/명소,관광지,식물원,5.0
h_h001036,여,30,428,카멜리아힐,문화관광/명소,관광지,식물원,5.0
h_h001041,여,50,428,카멜리아힐,문화관광/명소,관광지,식물원,4.0
h_h001151,남,20,428,카멜리아힐,문화관광/명소,관광지,식물원,3.0
h_h001234,여,20,428,카멜리아힐,문화관광/명소,관광지,식물원,5.0
h_h001253,여,40,428,카멜리아힐,문화관광/명소,관광지,식물원,5.0
h_h001280,여,60,428,카멜리아힐,문화관광/명소,관광지,식물원,5.0
h_h001292,남,30,428,카멜리아힐,문화관광/명소,관광지,식물원,5.0
h_h001293,여,40,428,카멜리아힐,문화관광/명소,관광지,식물원,5.0
h_h001526,남,30,428,카멜리아힐,문화관광/명소,관광지,식물원,5.0
h_h001529,여,30,428,카멜리아힐,문화관광/명소,관광지,식물원,5.0
h_h001617,남,20,428,카멜리아힐,문화관광/명소,관광지,식물원,5.0
h_h001789,여,30,428,카멜리아힐,문화관광/명소,관광지,식물원,5.0
h_h002195,남,50,428,카멜리아힐,문화관광/명소,관광지,식물원,3.0
h_h002385,남,20,428,카멜리아힐,문화관광/명소,관광지,식물원,5.0
h_h002442,여,30,428,카멜리아힐,문화관광/명소,관광지,식물원,3.0
h_h002656,여,30,428,카멜리아힐,문화관광/명소,관광지,식물원,3.0
h_h002659,여,30,428,카멜리아힐,문화관광/명소,관광지,식물원,4.0
h_h003135,남,30,428,카멜리아힐,문화관광/명소,관광지,식물원,5.0
h_h003278,남,50,428,카멜리아힐,문화관광/명소,관광지,식물원,5.0
h_h003723,여,30,428,카멜리아힐,문화관광/명소,관광지,식물원,3.0
h_h004315,여,30,428,카멜리아힐,문화관광/명소,관광지,식물원,4.0
h_h005437,여,30,428,카멜리아힐,문화관광/명소,관광지,식물원,5.0
h_h006402,여,30,428,카멜리아힐,문화관광/명소,관광지,식물원,4.0
h_h006440,여,50,428,카멜리아힐,문화관광/명소,관광지,식물원,4.0
h_h006455,남,30,428,카멜리아힐,문화관광/명소,관광지,식물원,5.0
h_h000313,여,40,459,포도뮤지엄,전시/공연,전시/기념관,기타전시/박물관,5.0
h_h001101,여,20,459,포도뮤지엄,전시/공연,전시/기념관,기타전시/박물관,5.0
h_h001151,남,20,459,포도뮤지엄,전시/공연,전시/기념관,기타전시/박물관,4.0
h_h001261,여,40,459,포도뮤지엄,전시/공연,전시/기념관,기타전시/박물관,5.0
h_h001465,여,30,459,포도뮤지엄,전시/공연,전시/기념관,기타전시/박물관,2.0
h_h001553,여,20,459,포도뮤지엄,전시/공연,전시/기념관,기타전시/박물관,4.0
h_h001662,여,20,459,포도뮤지엄,전시/공연,전시/기념관,기타전시/박물관,4.0
h_h001838,여,20,459,포도뮤지엄,전시/공연,전시/기념관,기타전시/박물관,5.0
h_h001914,남,20,459,포도뮤지엄,전시/공연,전시/기념관,기타전시/박물관,5.0
h_h002263,여,30,459,포도뮤지엄,전시/공연,전시/기념관,기타전시/박물관,5.0
h_h002395,남,20,459,포도뮤지엄,전시/공연,전시/기념관,기타전시/박물관,4.0
h_h002433,여,30,459,포도뮤지엄,전시/공연,전시/기념관,기타전시/박물관,4.0
h_h002509,남,30,459,포도뮤지엄,전시/공연,전시/기념관,기타전시/박물관,4.0
h_h002570,여,20,459,포도뮤지엄,전시/공연,전시/기념관,기타전시/박물관,5.0
h_h002618,여,20,459,포도뮤지엄,전시/공연,전시/기념관,기타전시/박물관,5.0
h_h002884,여,30,459,포도뮤지엄,전시/공연,전시/기념관,기타전시/박물관,4.0
h_h003344,남,20,459,포도뮤지엄,전시/공연,전시/기념관,기타전시/박물관,3.0
h_h003410,여,20,459,포도뮤지엄,전시/공연,전시/기념관,기타전시/박물관,5.0
h_h003524,여,60,459,포도뮤지엄,전시/공연,전시/기념관,기타전시/박물관,5.0
h_h003742,여,20,459,포도뮤지엄,전시/공연,전시/기념관,기타전시/박물관,5.0
h_h004459,여,30,459,포도뮤지엄,전시/공연,전시/기념관,기타전시/박물관,5.0
h_h004499,남,30,459,포도뮤지엄,전시/공연,전시/기념관,기타전시/박물관,5.0
h_h005044,여,30,459,포도뮤지엄,전시/공연,전시/기념관,기타전시/박물관,5.0
h_h005288,남,50,459,포도뮤지엄,전시/공연,전시/기념관,기타전시/박물관,5.0
h_h005655,여,20,459,포도뮤지엄,전시/공연,전시/기념관,기타전시/박물관,4.0
h_h005857,남,30,459,포도뮤지엄,전시/공연,전시/기념관,기타전시/박물관,5.0
h_h005858,남,20,459,포도뮤지엄,전시/공연,전시/기념관,기타전시/박물관,5.0
h_h006418,여,30,459,포도뮤지엄,전시/공연,전시/기념관,기타전시/박물관,4.0
h_h001465,여,30,465,핀크스GC,레저/체육/공원,대형레저시설,골프장CC,5.0
h_h001799,여,40,486,한라생태숲,레저/체육/공원,공원,대형시민/도심공원,4.0
h_h004055,남,20,486,한라생태숲,레저/체육/공원,공원,대형시민/도심공원,5.0
h_h000042,여,60,488,한라수목원,문화관광/명소,관광지,휴양림/수목원,5.0
h_h000074,여,30,488,한라수목원,문화관광/명소,관광지,휴양림/수목원,4.0
h_h000516,남,20,488,한라수목원,문화관광/명소,관광지,휴양림/수목원,4.0
h_h000523,여,40,488,한라수목원,문화관광/명소,관광지,휴양림/수목원,5.0
h_h000585,남,30,488,한라수목원,문화관광/명소,관광지,휴양림/수목원,3.0
h_h000761,남,30,488,한라수목원,문화관광/명소,관광지,휴양림/수목원,4.0
h_h000821,여,30,488,한라수목원,문화관광/명소,관광지,휴양림/수목원,2.0
h_h000912,여,30,488,한라수목원,문화관광/명소,관광지,휴양림/수목원,3.0
h_h001156,여,40,488,한라수목원,문화관광/명소,관광지,휴양림/수목원,3.0
h_h001192,여,20,488,한라수목원,문화관광/명소,관광지,휴양림/수목원,4.0
h_h001257,여,50,488,한라수목원,문화관광/명소,관광지,휴양림/수목원,3.0
h_h001663,여,30,488,한라수목원,문화관광/명소,관광지,휴양림/수목원,5.0
h_h001668,여,40,488,한라수목원,문화관광/명소,관광지,휴양림/수목원,5.0
h_h001726,여,30,488,한라수목원,문화관광/명소,관광지,휴양림/수목원,3.0
h_h001835,여,20,488,한라수목원,문화관광/명소,관광지,휴양림/수목원,4.0
h_h001878,여,60,488,한라수목원,문화관광/명소,관광지,휴양림/수목원,5.0
h_h001955,남,20,488,한라수목원,문화관광/명소,관광지,휴양림/수목원,4.0
h_h002035,여,20,488,한라수목원,문화관광/명소,관광지,휴양림/수목원,5.0
h_h002293,여,20,488,한라수목원,문화관광/명소,관광지,휴양림/수목원,5.0
h_h002633,남,20,488,한라수목원,문화관광/명소,관광지,휴양림/수목원,4.0
h_h003056,여,30,488,한라수목원,문화관광/명소,관광지,휴양림/수목원,5.0
h_h003719,여,20,488,한라수목원,문화관광/명소,관광지,휴양림/수목원,4.0
h_h003808,여,50,488,한라수목원,문화관광/명소,관광지,휴양림/수목원,5.0
h_h003876,여,60,488,한라수목원,문화관광/명소,관광지,휴양림/수목원,4.0
h_h004060,여,20,488,한라수목원,문화관광/명소,관광지,휴양림/수목원,5.0
h_h004300,여,30,488,한라수목원,문화관광/명소,관광지,휴양림/수목원,5.0
h_h005455,남,50,488,한라수목원,문화관광/명소,관광지,휴양림/수목원,5.0
h_h005629,여,20,488,한라수목원,문화관광/명소,관광지,휴양림/수목원,5.0
h_h005655,여,20,488,한라수목원,문화관광/명소,관광지,휴양림/수목원,5.0
h_h005771,여,30,488,한라수목원,문화관광/명소,관광지,휴양림/수목원,4.0
h_h006613,남,20,488,한라수목원,문화관광/명소,관광지,휴양림/수목원,5.0
h_h006676,남,20,488,한라수목원,문화관광/명소,관광지,휴양림/수목원,4.0
h_h000275,여,60,490,한림공원,문화관광/명소,관광지,유명관광지,4.0
h_h000481,여,20,490,한림공원,문화관광/명소,관광지,유명관광지,5.0
h_h000533,남,40,490,한림공원,문화관광/명소,관광지,유명관광지,4.0
h_h000920,여,30,490,한림공원,문화관광/명소,관광지,유명관광지,4.0
h_h001063,여,20,490,한림공원,문화관광/명소,관광지,유명관광지,5.0
h_h001168,여,20,490,한림공원,문화관광/명소,관광지,유명관광지,5.0
h_h001195,남,20,490,한림공원,문화관광/명소,관광지,유명관광지,5.0
h_h001660,여,30,490,한림공원,문화관광/명소,관광지,유명관광지,4.0
h_h001695,여,20,490,한림공원,문화관광/명소,관광지,유명관광지,5.0
h_h002044,여,20,490,한림공원,문화관광/명소,관광지,유명관광지,4.0
h_h002318,여,30,490,한림공원,문화관광/명소,관광지,유명관광지,5.0
h_h002358,여,30,490,한림공원,문화관광/명소,관광지,유명관광지,4.0
h_h002503,여,20,490,한림공원,문화관광/명소,관광지,유명관광지,4.0
h_h003038,여,40,490,한림공원,문화관광/명소,관광지,유명관광지,4.0
h_h003092,여,20,490,한림공원,문화관광/명소,관광지,유명관광지,4.0
h_h003448,여,50,490,한림공원,문화관광/명소,관광지,유명관광지,3.0
h_h003565,여,30,490,한림공원,문화관광/명소,관광지,유명관광지,5.0
h_h003722,남,50,490,한림공원,문화관광/명소,관광지,유명관광지,4.0
h_h003980,여,50,490,한림공원,문화관광/명소,관광지,유명관광지,4.0
h_h004150,여,30,490,한림공원,문화관광/명소,관광지,유명관광지,4.0
h_h004411,남,30,490,한림공원,문화관광/명소,관광지,유명관광지,4.0
h_h005044,여,30,490,한림공원,문화관광/명소,관광지,유명관광지,5.0
h_h005771,여,30,490,한림공원,문화관광/명소,관광지,유명관광지,4.0
h_h000001,여,50,493,함덕해수욕장,문화관광/명소,관광지,해수욕장,5.0
h_h000014,여,20,493,함덕해수욕장,문화관광/명소,관광지,해수욕장,5.0
h_h000037,남,40,493,함덕해수욕장,문화관광/명소,관광지,해수욕장,5.0
h_h000053,여,30,493,함덕해수욕장,문화관광/명소,관광지,해수욕장,5.0
h_h000053,여,30,493,함덕해수욕장,문화관광/명소,관광지,해수욕장,5.0
h_h000060,남,30,493,함덕해수욕장,문화관광/명소,관광지,해수욕장,5.0
h_h000086,여,30,493,함덕해수욕장,문화관광/명소,관광지,해수욕장,5.0
h_h000086,여,30,493,함덕해수욕장,문화관광/명소,관광지,해수욕장,5.0
h_h000086,여,30,493,함덕해수욕장,문화관광/명소,관광지,해수욕장,5.0
h_h000087,남,40,493,함덕해수욕장,문화관광/명소,관광지,해수욕장,3.0
h_h000092,여,20,493,함덕해수욕장,문화관광/명소,관광지,해수욕장,5.0
h_h000093,여,30,493,함덕해수욕장,문화관광/명소,관광지,해수욕장,3.0
h_h000095,여,50,493,함덕해수욕장,문화관광/명소,관광지,해수욕장,5.0
h_h000097,남,50,493,함덕해수욕장,문화관광/명소,관광지,해수욕장,5.0
h_h000105,여,20,493,함덕해수욕장,문화관광/명소,관광지,해수욕장,4.0
h_h000106,남,20,493,함덕해수욕장,문화관광/명소,관광지,해수욕장,5.0
h_h000138,남,40,493,함덕해수욕장,문화관광/명소,관광지,해수욕장,5.0
h_h000155,여,30,493,함덕해수욕장,문화관광/명소,관광지,해수욕장,5.0
h_h000192,여,40,493,함덕해수욕장,문화관광/명소,관광지,해수욕장,5.0
h_h000222,여,30,493,함덕해수욕장,문화관광/명소,관광지,해수욕장,5.0
h_h000225,여,30,493,함덕해수욕장,문화관광/명소,관광지,해수욕장,4.0
h_h000230,남,20,493,함덕해수욕장,문화관광/명소,관광지,해수욕장,3.0
h_h000232,여,50,493,함덕해수욕장,문화관광/명소,관광지,해수욕장,5.0
h_h000249,여,20,493,함덕해수욕장,문화관광/명소,관광지,해수욕장,5.0
h_h000263,여,40,493,함덕해수욕장,문화관광/명소,관광지,해수욕장,5.0
h_h000291,여,40,493,함덕해수욕장,문화관광/명소,관광지,해수욕장,5.0
h_h000300,남,50,493,함덕해수욕장,문화관광/명소,관광지,해수욕장,5.0
h_h000300,남,50,493,함덕해수욕장,문화관광/명소,관광지,해수욕장,5.0
h_h000321,여,40,493,함덕해수욕장,문화관광/명소,관광지,해수욕장,5.0
h_h000328,여,30,493,함덕해수욕장,문화관광/명소,관광지,해수욕장,4.0
h_h000455,여,30,493,함덕해수욕장,문화관광/명소,관광지,해수욕장,5.0
h_h000473,여,30,493,함덕해수욕장,문화관광/명소,관광지,해수욕장,5.0
h_h000480,남,30,493,함덕해수욕장,문화관광/명소,관광지,해수욕장,4.0
h_h000489,남,30,493,함덕해수욕장,문화관광/명소,관광지,해수욕장,4.0
h_h000555,남,30,493,함덕해수욕장,문화관광/명소,관광지,해수욕장,4.0
h_h000557,여,20,493,함덕해수욕장,문화관광/명소,관광지,해수욕장,5.0
h_h000557,여,20,493,함덕해수욕장,문화관광/명소,관광지,해수욕장,5.0
h_h000571,남,30,493,함덕해수욕장,문화관광/명소,관광지,해수욕장,4.0
h_h000581,여,40,493,함덕해수욕장,문화관광/명소,관광지,해수욕장,5.0
h_h000583,남,50,493,함덕해수욕장,문화관광/명소,관광지,해수욕장,5.0
h_h000585,남,30,493,함덕해수욕장,문화관광/명소,관광지,해수욕장,5.0
h_h000585,남,30,493,함덕해수욕장,문화관광/명소,관광지,해수욕장,5.0
h_h000597,여,50,493,함덕해수욕장,문화관광/명소,관광지,해수욕장,5.0
h_h000599,여,50,493,함덕해수욕장,문화관광/명소,관광지,해수욕장,4.0
h_h000635,남,40,493,함덕해수욕장,문화관광/명소,관광지,해수욕장,5.0
h_h000648,남,20,493,함덕해수욕장,문화관광/명소,관광지,해수욕장,4.0
h_h000660,남,20,493,함덕해수욕장,문화관광/명소,관광지,해수욕장,5.0
h_h000676,남,30,493,함덕해수욕장,문화관광/명소,관광지,해수욕장,5.0
h_h000689,남,30,493,함덕해수욕장,문화관광/명소,관광지,해수욕장,5.0
h_h000691,남,40,493,함덕해수욕장,문화관광/명소,관광지,해수욕장,5.0
h_h000707,여,20,493,함덕해수욕장,문화관광/명소,관광지,해수욕장,5.0
h_h000713,남,30,493,함덕해수욕장,문화관광/명소,관광지,해수욕장,5.0
h_h000719,여,50,493,함덕해수욕장,문화관광/명소,관광지,해수욕장,5.0
h_h000742,여,40,493,함덕해수욕장,문화관광/명소,관광지,해수욕장,5.0
h_h000742,여,40,493,함덕해수욕장,문화관광/명소,관광지,해수욕장,5.0
h_h000756,여,40,493,함덕해수욕장,문화관광/명소,관광지,해수욕장,4.0
h_h000773,여,40,493,함덕해수욕장,문화관광/명소,관광지,해수욕장,5.0
h_h000791,여,40,493,함덕해수욕장,문화관광/명소,관광지,해수욕장,5.0
h_h000791,여,40,493,함덕해수욕장,문화관광/명소,관광지,해수욕장,5.0
h_h000797,여,30,493,함덕해수욕장,문화관광/명소,관광지,해수욕장,5.0
h_h000800,여,40,493,함덕해수욕장,문화관광/명소,관광지,해수욕장,5.0
h_h000800,여,40,493,함덕해수욕장,문화관광/명소,관광지,해수욕장,5.0
h_h000800,여,40,493,함덕해수욕장,문화관광/명소,관광지,해수욕장,5.0
h_h000800,여,40,493,함덕해수욕장,문화관광/명소,관광지,해수욕장,5.0
h_h000815,남,50,493,함덕해수욕장,문화관광/명소,관광지,해수욕장,5.0
h_h000819,여,30,493,함덕해수욕장,문화관광/명소,관광지,해수욕장,5.0
h_h000826,여,30,493,함덕해수욕장,문화관광/명소,관광지,해수욕장,5.0
h_h000835,여,20,493,함덕해수욕장,문화관광/명소,관광지,해수욕장,4.0
h_h000835,여,20,493,함덕해수욕장,문화관광/명소,관광지,해수욕장,4.0
h_h000855,여,50,493,함덕해수욕장,문화관광/명소,관광지,해수욕장,5.0
h_h000855,여,50,493,함덕해수욕장,문화관광/명소,관광지,해수욕장,5.0
h_h000914,여,20,493,함덕해수욕장,문화관광/명소,관광지,해수욕장,5.0
h_h000917,남,40,493,함덕해수욕장,문화관광/명소,관광지,해수욕장,4.0
h_h000926,여,40,493,함덕해수욕장,문화관광/명소,관광지,해수욕장,4.0
h_h001068,남,40,493,함덕해수욕장,문화관광/명소,관광지,해수욕장,4.0
h_h001075,남,40,493,함덕해수욕장,문화관광/명소,관광지,해수욕장,5.0
h_h001076,여,30,493,함덕해수욕장,문화관광/명소,관광지,해수욕장,5.0
h_h001079,남,30,493,함덕해수욕장,문화관광/명소,관광지,해수욕장,5.0
h_h001081,여,20,493,함덕해수욕장,문화관광/명소,관광지,해수욕장,4.0
h_h001082,남,20,493,함덕해수욕장,문화관광/명소,관광지,해수욕장,5.0
h_h001089,여,30,493,함덕해수욕장,문화관광/명소,관광지,해수욕장,4.0
h_h001098,남,30,493,함덕해수욕장,문화관광/명소,관광지,해수욕장,5.0
h_h001125,여,30,493,함덕해수욕장,문화관광/명소,관광지,해수욕장,5.0
h_h001129,남,20,493,함덕해수욕장,문화관광/명소,관광지,해수욕장,5.0
h_h001139,여,20,493,함덕해수욕장,문화관광/명소,관광지,해수욕장,5.0
h_h001148,여,20,493,함덕해수욕장,문화관광/명소,관광지,해수욕장,5.0
h_h001161,여,30,493,함덕해수욕장,문화관광/명소,관광지,해수욕장,5.0
h_h001192,여,20,493,함덕해수욕장,문화관광/명소,관광지,해수욕장,5.0
h_h001208,여,20,493,함덕해수욕장,문화관광/명소,관광지,해수욕장,4.0
h_h001228,여,40,493,함덕해수욕장,문화관광/명소,관광지,해수욕장,5.0
h_h001234,여,20,493,함덕해수욕장,문화관광/명소,관광지,해수욕장,5.0
h_h001236,여,20,493,함덕해수욕장,문화관광/명소,관광지,해수욕장,5.0
h_h001247,여,20,493,함덕해수욕장,문화관광/명소,관광지,해수욕장,4.0
h_h001260,여,30,493,함덕해수욕장,문화관광/명소,관광지,해수욕장,5.0
h_h001292,남,30,493,함덕해수욕장,문화관광/명소,관광지,해수욕장,5.0
h_h001297,남,20,493,함덕해수욕장,문화관광/명소,관광지,해수욕장,5.0
h_h001354,여,20,493,함덕해수욕장,문화관광/명소,관광지,해수욕장,5.0
h_h001365,여,30,493,함덕해수욕장,문화관광/명소,관광지,해수욕장,5.0
h_h001406,여,40,493,함덕해수욕장,문화관광/명소,관광지,해수욕장,4.0
h_h001421,여,30,493,함덕해수욕장,문화관광/명소,관광지,해수욕장,4.0
h_h001464,여,30,493,함덕해수욕장,문화관광/명소,관광지,해수욕장,5.0
h_h001464,여,30,493,함덕해수욕장,문화관광/명소,관광지,해수욕장,5.0
h_h001464,여,30,493,함덕해수욕장,문화관광/명소,관광지,해수욕장,4.0
h_h001505,여,20,493,함덕해수욕장,문화관광/명소,관광지,해수욕장,5.0
h_h001511,여,20,493,함덕해수욕장,문화관광/명소,관광지,해수욕장,5.0
h_h001535,남,30,493,함덕해수욕장,문화관광/명소,관광지,해수욕장,5.0
h_h001603,여,20,493,함덕해수욕장,문화관광/명소,관광지,해수욕장,5.0
h_h001620,여,30,493,함덕해수욕장,문화관광/명소,관광지,해수욕장,5.0
h_h001663,여,30,493,함덕해수욕장,문화관광/명소,관광지,해수욕장,5.0
h_h001686,여,20,493,함덕해수욕장,문화관광/명소,관광지,해수욕장,4.0
h_h001690,남,40,493,함덕해수욕장,문화관광/명소,관광지,해수욕장,5.0
h_h001700,여,40,493,함덕해수욕장,문화관광/명소,관광지,해수욕장,4.0
h_h001700,여,40,493,함덕해수욕장,문화관광/명소,관광지,해수욕장,4.0
h_h001742,여,40,493,함덕해수욕장,문화관광/명소,관광지,해수욕장,3.0
h_h001750,여,30,493,함덕해수욕장,문화관광/명소,관광지,해수욕장,5.0
h_h001752,남,30,493,함덕해수욕장,문화관광/명소,관광지,해수욕장,4.0
h_h001767,남,50,493,함덕해수욕장,문화관광/명소,관광지,해수욕장,5.0
h_h001767,남,50,493,함덕해수욕장,문화관광/명소,관광지,해수욕장,5.0
h_h001767,남,50,493,함덕해수욕장,문화관광/명소,관광지,해수욕장,4.0
h_h001768,여,40,493,함덕해수욕장,문화관광/명소,관광지,해수욕장,4.0
h_h001771,여,20,493,함덕해수욕장,문화관광/명소,관광지,해수욕장,5.0
h_h001771,여,20,493,함덕해수욕장,문화관광/명소,관광지,해수욕장,5.0
h_h001794,남,20,493,함덕해수욕장,문화관광/명소,관광지,해수욕장,4.0
h_h001807,여,20,493,함덕해수욕장,문화관광/명소,관광지,해수욕장,5.0
h_h001835,여,20,493,함덕해수욕장,문화관광/명소,관광지,해수욕장,4.0
h_h001842,남,20,493,함덕해수욕장,문화관광/명소,관광지,해수욕장,4.0
h_h001844,여,20,493,함덕해수욕장,문화관광/명소,관광지,해수욕장,3.0
h_h001847,여,40,493,함덕해수욕장,문화관광/명소,관광지,해수욕장,5.0
h_h001905,여,40,493,함덕해수욕장,문화관광/명소,관광지,해수욕장,5.0
h_h001913,여,30,493,함덕해수욕장,문화관광/명소,관광지,해수욕장,5.0
h_h001935,여,40,493,함덕해수욕장,문화관광/명소,관광지,해수욕장,5.0
h_h001935,여,40,493,함덕해수욕장,문화관광/명소,관광지,해수욕장,5.0
h_h001935,여,40,493,함덕해수욕장,문화관광/명소,관광지,해수욕장,5.0
h_h002029,남,30,493,함덕해수욕장,문화관광/명소,관광지,해수욕장,4.0
h_h002035,여,20,493,함덕해수욕장,문화관광/명소,관광지,해수욕장,5.0
h_h002084,여,20,493,함덕해수욕장,문화관광/명소,관광지,해수욕장,5.0
h_h002087,남,20,493,함덕해수욕장,문화관광/명소,관광지,해수욕장,5.0
h_h002090,남,20,493,함덕해수욕장,문화관광/명소,관광지,해수욕장,4.0
h_h002114,남,20,493,함덕해수욕장,문화관광/명소,관광지,해수욕장,4.0
h_h002133,남,20,493,함덕해수욕장,문화관광/명소,관광지,해수욕장,5.0
h_h002139,남,30,493,함덕해수욕장,문화관광/명소,관광지,해수욕장,5.0
h_h002150,여,30,493,함덕해수욕장,문화관광/명소,관광지,해수욕장,4.0
h_h002199,여,30,493,함덕해수욕장,문화관광/명소,관광지,해수욕장,5.0
h_h002208,남,40,493,함덕해수욕장,문화관광/명소,관광지,해수욕장,3.0
h_h002254,여,40,493,함덕해수욕장,문화관광/명소,관광지,해수욕장,5.0
h_h002254,여,40,493,함덕해수욕장,문화관광/명소,관광지,해수욕장,5.0
h_h002265,남,50,493,함덕해수욕장,문화관광/명소,관광지,해수욕장,4.0
h_h002285,남,40,493,함덕해수욕장,문화관광/명소,관광지,해수욕장,5.0
h_h002293,여,20,493,함덕해수욕장,문화관광/명소,관광지,해수욕장,5.0
h_h002293,여,20,493,함덕해수욕장,문화관광/명소,관광지,해수욕장,5.0
h_h002322,여,20,493,함덕해수욕장,문화관광/명소,관광지,해수욕장,5.0
h_h002322,여,20,493,함덕해수욕장,문화관광/명소,관광지,해수욕장,5.0
h_h002345,여,20,493,함덕해수욕장,문화관광/명소,관광지,해수욕장,4.0
h_h002352,남,30,493,함덕해수욕장,문화관광/명소,관광지,해수욕장,5.0
h_h002352,남,30,493,함덕해수욕장,문화관광/명소,관광지,해수욕장,4.0
h_h002371,남,30,493,함덕해수욕장,문화관광/명소,관광지,해수욕장,5.0
h_h002376,여,20,493,함덕해수욕장,문화관광/명소,관광지,해수욕장,5.0
h_h002387,남,30,493,함덕해수욕장,문화관광/명소,관광지,해수욕장,5.0
h_h002387,남,30,493,함덕해수욕장,문화관광/명소,관광지,해수욕장,5.0
h_h002435,남,30,493,함덕해수욕장,문화관광/명소,관광지,해수욕장,4.0
h_h002452,여,30,493,함덕해수욕장,문화관광/명소,관광지,해수욕장,5.0
h_h002477,남,30,493,함덕해수욕장,문화관광/명소,관광지,해수욕장,5.0
h_h002496,남,30,493,함덕해수욕장,문화관광/명소,관광지,해수욕장,4.0
h_h002502,여,30,493,함덕해수욕장,문화관광/명소,관광지,해수욕장,5.0
h_h002513,여,30,493,함덕해수욕장,문화관광/명소,관광지,해수욕장,5.0
h_h002540,여,20,493,함덕해수욕장,문화관광/명소,관광지,해수욕장,5.0
h_h002545,남,30,493,함덕해수욕장,문화관광/명소,관광지,해수욕장,5.0
h_h002549,남,30,493,함덕해수욕장,문화관광/명소,관광지,해수욕장,5.0
h_h002550,여,30,493,함덕해수욕장,문화관광/명소,관광지,해수욕장,4.0
h_h002618,여,20,493,함덕해수욕장,문화관광/명소,관광지,해수욕장,4.0
h_h002625,여,60,493,함덕해수욕장,문화관광/명소,관광지,해수욕장,4.0
h_h002701,여,20,493,함덕해수욕장,문화관광/명소,관광지,해수욕장,4.0
h_h002721,여,30,493,함덕해수욕장,문화관광/명소,관광지,해수욕장,5.0
h_h002751,남,20,493,함덕해수욕장,문화관광/명소,관광지,해수욕장,5.0
h_h002784,남,20,493,함덕해수욕장,문화관광/명소,관광지,해수욕장,5.0
h_h002819,여,20,493,함덕해수욕장,문화관광/명소,관광지,해수욕장,5.0
h_h002819,여,20,493,함덕해수욕장,문화관광/명소,관광지,해수욕장,5.0
h_h002832,여,20,493,함덕해수욕장,문화관광/명소,관광지,해수욕장,5.0
h_h002843,남,20,493,함덕해수욕장,문화관광/명소,관광지,해수욕장,4.0
h_h002889,남,20,493,함덕해수욕장,문화관광/명소,관광지,해수욕장,4.0
h_h002899,남,30,493,함덕해수욕장,문화관광/명소,관광지,해수욕장,4.0
h_h002905,남,30,493,함덕해수욕장,문화관광/명소,관광지,해수욕장,5.0
h_h002927,남,30,493,함덕해수욕장,문화관광/명소,관광지,해수욕장,4.0
h_h002948,여,30,493,함덕해수욕장,문화관광/명소,관광지,해수욕장,5.0
h_h002948,여,30,493,함덕해수욕장,문화관광/명소,관광지,해수욕장,4.0
h_h002977,여,30,493,함덕해수욕장,문화관광/명소,관광지,해수욕장,4.0
h_h003036,남,20,493,함덕해수욕장,문화관광/명소,관광지,해수욕장,3.0
h_h003191,여,20,493,함덕해수욕장,문화관광/명소,관광지,해수욕장,5.0
h_h003191,여,20,493,함덕해수욕장,문화관광/명소,관광지,해수욕장,4.0
h_h003195,여,20,493,함덕해수욕장,문화관광/명소,관광지,해수욕장,5.0
h_h003303,남,20,493,함덕해수욕장,문화관광/명소,관광지,해수욕장,5.0
h_h003331,여,40,493,함덕해수욕장,문화관광/명소,관광지,해수욕장,5.0
h_h003359,남,60,493,함덕해수욕장,문화관광/명소,관광지,해수욕장,5.0
h_h003359,남,60,493,함덕해수욕장,문화관광/명소,관광지,해수욕장,5.0
h_h003373,여,20,493,함덕해수욕장,문화관광/명소,관광지,해수욕장,5.0
h_h003487,여,20,493,함덕해수욕장,문화관광/명소,관광지,해수욕장,5.0
h_h003507,남,20,493,함덕해수욕장,문화관광/명소,관광지,해수욕장,5.0
h_h003507,남,20,493,함덕해수욕장,문화관광/명소,관광지,해수욕장,5.0
h_h003507,남,20,493,함덕해수욕장,문화관광/명소,관광지,해수욕장,5.0
h_h003560,남,50,493,함덕해수욕장,문화관광/명소,관광지,해수욕장,5.0
h_h003560,남,50,493,함덕해수욕장,문화관광/명소,관광지,해수욕장,3.0
h_h003560,남,50,493,함덕해수욕장,문화관광/명소,관광지,해수욕장,4.0
h_h003571,여,20,493,함덕해수욕장,문화관광/명소,관광지,해수욕장,5.0
h_h003579,여,20,493,함덕해수욕장,문화관광/명소,관광지,해수욕장,5.0
h_h003614,여,20,493,함덕해수욕장,문화관광/명소,관광지,해수욕장,4.0
h_h003629,여,20,493,함덕해수욕장,문화관광/명소,관광지,해수욕장,5.0
h_h003723,여,30,493,함덕해수욕장,문화관광/명소,관광지,해수욕장,5.0
h_h003727,여,30,493,함덕해수욕장,문화관광/명소,관광지,해수욕장,4.0
h_h003729,여,20,493,함덕해수욕장,문화관광/명소,관광지,해수욕장,5.0
h_h003742,여,20,493,함덕해수욕장,문화관광/명소,관광지,해수욕장,5.0
h_h003783,여,20,493,함덕해수욕장,문화관광/명소,관광지,해수욕장,3.0
h_h003867,여,20,493,함덕해수욕장,문화관광/명소,관광지,해수욕장,5.0
h_h004045,남,20,493,함덕해수욕장,문화관광/명소,관광지,해수욕장,4.0
h_h004045,남,20,493,함덕해수욕장,문화관광/명소,관광지,해수욕장,4.0
h_h004101,남,50,493,함덕해수욕장,문화관광/명소,관광지,해수욕장,5.0
h_h004102,여,20,493,함덕해수욕장,문화관광/명소,관광지,해수욕장,5.0
h_h004106,여,20,493,함덕해수욕장,문화관광/명소,관광지,해수욕장,4.0
h_h004118,여,30,493,함덕해수욕장,문화관광/명소,관광지,해수욕장,4.0
h_h004119,여,20,493,함덕해수욕장,문화관광/명소,관광지,해수욕장,5.0
h_h004133,남,20,493,함덕해수욕장,문화관광/명소,관광지,해수욕장,5.0
h_h004146,여,20,493,함덕해수욕장,문화관광/명소,관광지,해수욕장,4.0
h_h004154,남,20,493,함덕해수욕장,문화관광/명소,관광지,해수욕장,5.0
h_h004163,여,20,493,함덕해수욕장,문화관광/명소,관광지,해수욕장,4.0
h_h004207,남,20,493,함덕해수욕장,문화관광/명소,관광지,해수욕장,5.0
h_h004216,여,20,493,함덕해수욕장,문화관광/명소,관광지,해수욕장,5.0
h_h004218,여,20,493,함덕해수욕장,문화관광/명소,관광지,해수욕장,5.0
h_h004244,남,20,493,함덕해수욕장,문화관광/명소,관광지,해수욕장,4.0
h_h004351,남,20,493,함덕해수욕장,문화관광/명소,관광지,해수욕장,5.0
h_h004351,남,20,493,함덕해수욕장,문화관광/명소,관광지,해수욕장,5.0
h_h004359,여,30,493,함덕해수욕장,문화관광/명소,관광지,해수욕장,5.0
h_h004359,여,30,493,함덕해수욕장,문화관광/명소,관광지,해수욕장,5.0
h_h004359,여,30,493,함덕해수욕장,문화관광/명소,관광지,해수욕장,5.0
h_h004385,여,20,493,함덕해수욕장,문화관광/명소,관광지,해수욕장,5.0
h_h004385,여,20,493,함덕해수욕장,문화관광/명소,관광지,해수욕장,5.0
h_h004860,여,20,493,함덕해수욕장,문화관광/명소,관광지,해수욕장,5.0
h_h004876,여,20,493,함덕해수욕장,문화관광/명소,관광지,해수욕장,4.0
h_h004895,여,30,493,함덕해수욕장,문화관광/명소,관광지,해수욕장,4.0
h_h004947,여,50,493,함덕해수욕장,문화관광/명소,관광지,해수욕장,4.0
h_h004962,여,40,493,함덕해수욕장,문화관광/명소,관광지,해수욕장,4.0
h_h005110,여,20,493,함덕해수욕장,문화관광/명소,관광지,해수욕장,5.0
h_h005136,여,20,493,함덕해수욕장,문화관광/명소,관광지,해수욕장,4.0
h_h005136,여,20,493,함덕해수욕장,문화관광/명소,관광지,해수욕장,5.0
h_h005136,여,20,493,함덕해수욕장,문화관광/명소,관광지,해수욕장,4.0
h_h005136,여,20,493,함덕해수욕장,문화관광/명소,관광지,해수욕장,5.0
h_h005201,여,20,493,함덕해수욕장,문화관광/명소,관광지,해수욕장,5.0
h_h005221,여,20,493,함덕해수욕장,문화관광/명소,관광지,해수욕장,5.0
h_h005233,남,30,493,함덕해수욕장,문화관광/명소,관광지,해수욕장,5.0
h_h005264,남,30,493,함덕해수욕장,문화관광/명소,관광지,해수욕장,5.0
h_h005305,여,30,493,함덕해수욕장,문화관광/명소,관광지,해수욕장,5.0
h_h005321,여,40,493,함덕해수욕장,문화관광/명소,관광지,해수욕장,5.0
h_h005365,여,30,493,함덕해수욕장,문화관광/명소,관광지,해수욕장,5.0
h_h005375,남,30,493,함덕해수욕장,문화관광/명소,관광지,해수욕장,5.0
h_h005390,남,30,493,함덕해수욕장,문화관광/명소,관광지,해수욕장,5.0
h_h005461,여,20,493,함덕해수욕장,문화관광/명소,관광지,해수욕장,4.0
h_h005580,여,20,493,함덕해수욕장,문화관광/명소,관광지,해수욕장,5.0
h_h005661,여,20,493,함덕해수욕장,문화관광/명소,관광지,해수욕장,5.0
h_h005798,여,20,493,함덕해수욕장,문화관광/명소,관광지,해수욕장,5.0
h_h005798,여,20,493,함덕해수욕장,문화관광/명소,관광지,해수욕장,5.0
h_h005842,여,30,493,함덕해수욕장,문화관광/명소,관광지,해수욕장,4.0
h_h005851,여,20,493,함덕해수욕장,문화관광/명소,관광지,해수욕장,5.0
h_h005884,남,30,493,함덕해수욕장,문화관광/명소,관광지,해수욕장,2.0
h_h005889,여,20,493,함덕해수욕장,문화관광/명소,관광지,해수욕장,5.0
h_h005958,남,30,493,함덕해수욕장,문화관광/명소,관광지,해수욕장,3.0
h_h006150,남,20,493,함덕해수욕장,문화관광/명소,관광지,해수욕장,5.0
h_h006175,여,20,493,함덕해수욕장,문화관광/명소,관광지,해수욕장,4.0
h_h006215,남,30,493,함덕해수욕장,문화관광/명소,관광지,해수욕장,4.0
h_h006304,여,40,493,함덕해수욕장,문화관광/명소,관광지,해수욕장,5.0
h_h006410,여,20,493,함덕해수욕장,문화관광/명소,관광지,해수욕장,5.0
h_h006631,여,40,493,함덕해수욕장,문화관광/명소,관광지,해수욕장,5.0
h_h006744,여,40,493,함덕해수욕장,문화관광/명소,관광지,해수욕장,4.0
h_h000039,남,30,496,해녀박물관,전시/공연,전시/기념관,기타전시/박물관,5.0
h_h000053,여,30,496,해녀박물관,전시/공연,전시/기념관,기타전시/박물관,5.0
h_h000095,여,50,496,해녀박물관,전시/공연,전시/기념관,기타전시/박물관,3.0
h_h000232,여,50,496,해녀박물관,전시/공연,전시/기념관,기타전시/박물관,5.0
h_h001025,남,50,496,해녀박물관,전시/공연,전시/기념관,기타전시/박물관,4.0
h_h001847,여,40,496,해녀박물관,전시/공연,전시/기념관,기타전시/박물관,5.0
h_h001935,여,40,496,해녀박물관,전시/공연,전시/기념관,기타전시/박물관,5.0
h_h001959,남,30,496,해녀박물관,전시/공연,전시/기념관,기타전시/박물관,5.0
h_h002263,여,30,496,해녀박물관,전시/공연,전시/기념관,기타전시/박물관,5.0
h_h002549,남,30,496,해녀박물관,전시/공연,전시/기념관,기타전시/박물관,5.0
h_h002608,남,30,496,해녀박물관,전시/공연,전시/기념관,기타전시/박물관,5.0
h_h003556,여,20,496,해녀박물관,전시/공연,전시/기념관,기타전시/박물관,4.0
h_h005746,남,30,496,해녀박물관,전시/공연,전시/기념관,기타전시/박물관,3.0
h_h006338,여,20,496,해녀박물관,전시/공연,전시/기념관,기타전시/박물관,3.0
h_h006645,여,30,496,해녀박물관,전시/공연,전시/기념관,기타전시/박물관,3.0
h_h006694,남,30,496,해녀박물관,전시/공연,전시/기념관,기타전시/박물관,4.0
h_h000281,남,50,502,헬로키티아일랜드,전시/공연,전시/기념관,기타전시/박물관,5.0
h_h000453,여,30,502,헬로키티아일랜드,전시/공연,전시/기념관,기타전시/박물관,5.0
h_h000584,여,40,502,헬로키티아일랜드,전시/공연,전시/기념관,기타전시/박물관,3.0
h_h000616,여,50,502,헬로키티아일랜드,전시/공연,전시/기념관,기타전시/박물관,4.0
h_h000799,남,40,502,헬로키티아일랜드,전시/공연,전시/기념관,기타전시/박물관,3.0
h_h000799,남,40,502,헬로키티아일랜드,전시/공연,전시/기념관,기타전시/박물관,3.0
h_h000869,남,40,502,헬로키티아일랜드,전시/공연,전시/기념관,기타전시/박물관,5.0
h_h000899,여,50,502,헬로키티아일랜드,전시/공연,전시/기념관,기타전시/박물관,3.0
h_h000926,여,40,502,헬로키티아일랜드,전시/공연,전시/기념관,기타전시/박물관,4.0
h_h001068,남,40,502,헬로키티아일랜드,전시/공연,전시/기념관,기타전시/박물관,5.0
h_h001359,여,20,502,헬로키티아일랜드,전시/공연,전시/기념관,기타전시/박물관,5.0
h_h001398,남,50,502,헬로키티아일랜드,전시/공연,전시/기념관,기타전시/박물관,5.0
h_h001429,여,30,502,헬로키티아일랜드,전시/공연,전시/기념관,기타전시/박물관,4.0
h_h001607,남,40,502,헬로키티아일랜드,전시/공연,전시/기념관,기타전시/박물관,4.0
h_h001612,남,40,502,헬로키티아일랜드,전시/공연,전시/기념관,기타전시/박물관,4.0
h_h001742,여,40,502,헬로키티아일랜드,전시/공연,전시/기념관,기타전시/박물관,5.0
h_h002310,남,20,502,헬로키티아일랜드,전시/공연,전시/기념관,기타전시/박물관,4.0
h_h002378,남,30,502,헬로키티아일랜드,전시/공연,전시/기념관,기타전시/박물관,5.0
h_h002592,남,50,502,헬로키티아일랜드,전시/공연,전시/기념관,기타전시/박물관,5.0
h_h003322,남,20,502,헬로키티아일랜드,전시/공연,전시/기념관,기타전시/박물관,4.0
h_h004746,여,20,502,헬로키티아일랜드,전시/공연,전시/기념관,기타전시/박물관,3.0
h_h005763,남,20,502,헬로키티아일랜드,전시/공연,전시/기념관,기타전시/박물관,4.0
h_h006594,남,40,502,헬로키티아일랜드,전시/공연,전시/기념관,기타전시/박물관,5.0
h_h006681,여,50,502,헬로키티아일랜드,전시/공연,전시/기념관,기타전시/박물관,4.0
h_h000017,여,40,505,협재해수욕장,문화관광/명소,관광지,해수욕장,5.0
h_h000020,여,50,505,협재해수욕장,문화관광/명소,관광지,해수욕장,5.0
h_h000086,여,30,505,협재해수욕장,문화관광/명소,관광지,해수욕장,4.0
h_h000086,여,30,505,협재해수욕장,문화관광/명소,관광지,해수욕장,5.0
h_h000087,남,40,505,협재해수욕장,문화관광/명소,관광지,해수욕장,4.0
h_h000087,남,40,505,협재해수욕장,문화관광/명소,관광지,해수욕장,5.0
h_h000106,남,20,505,협재해수욕장,문화관광/명소,관광지,해수욕장,5.0
h_h000124,여,30,505,협재해수욕장,문화관광/명소,관광지,해수욕장,5.0
h_h000168,여,30,505,협재해수욕장,문화관광/명소,관광지,해수욕장,3.0
h_h000176,여,50,505,협재해수욕장,문화관광/명소,관광지,해수욕장,5.0
h_h000186,여,40,505,협재해수욕장,문화관광/명소,관광지,해수욕장,3.0
h_h000192,여,40,505,협재해수욕장,문화관광/명소,관광지,해수욕장,5.0
h_h000212,여,40,505,협재해수욕장,문화관광/명소,관광지,해수욕장,5.0
h_h000281,남,50,505,협재해수욕장,문화관광/명소,관광지,해수욕장,5.0
h_h000281,남,50,505,협재해수욕장,문화관광/명소,관광지,해수욕장,5.0
h_h000294,여,40,505,협재해수욕장,문화관광/명소,관광지,해수욕장,5.0
h_h000294,여,40,505,협재해수욕장,문화관광/명소,관광지,해수욕장,5.0
h_h000322,남,30,505,협재해수욕장,문화관광/명소,관광지,해수욕장,4.0
h_h000324,여,20,505,협재해수욕장,문화관광/명소,관광지,해수욕장,5.0
h_h000324,여,20,505,협재해수욕장,문화관광/명소,관광지,해수욕장,5.0
h_h000324,여,20,505,협재해수욕장,문화관광/명소,관광지,해수욕장,5.0
h_h000328,여,30,505,협재해수욕장,문화관광/명소,관광지,해수욕장,4.0
h_h000340,여,20,505,협재해수욕장,문화관광/명소,관광지,해수욕장,5.0
h_h000459,여,20,505,협재해수욕장,문화관광/명소,관광지,해수욕장,5.0
h_h000488,여,20,505,협재해수욕장,문화관광/명소,관광지,해수욕장,5.0
h_h000512,남,50,505,협재해수욕장,문화관광/명소,관광지,해수욕장,5.0
h_h000518,남,20,505,협재해수욕장,문화관광/명소,관광지,해수욕장,4.0
h_h000534,여,30,505,협재해수욕장,문화관광/명소,관광지,해수욕장,4.0
h_h000619,여,30,505,협재해수욕장,문화관광/명소,관광지,해수욕장,5.0
h_h000645,여,30,505,협재해수욕장,문화관광/명소,관광지,해수욕장,5.0
h_h000667,여,40,505,협재해수욕장,문화관광/명소,관광지,해수욕장,5.0
h_h000678,여,50,505,협재해수욕장,문화관광/명소,관광지,해수욕장,5.0
h_h000690,여,20,505,협재해수욕장,문화관광/명소,관광지,해수욕장,5.0
h_h000690,여,20,505,협재해수욕장,문화관광/명소,관광지,해수욕장,4.0
h_h000705,여,20,505,협재해수욕장,문화관광/명소,관광지,해수욕장,5.0
h_h000734,여,20,505,협재해수욕장,문화관광/명소,관광지,해수욕장,5.0
h_h000768,여,50,505,협재해수욕장,문화관광/명소,관광지,해수욕장,4.0
h_h000821,여,30,505,협재해수욕장,문화관광/명소,관광지,해수욕장,4.0
h_h000831,여,40,505,협재해수욕장,문화관광/명소,관광지,해수욕장,5.0
h_h000858,남,40,505,협재해수욕장,문화관광/명소,관광지,해수욕장,4.0
h_h000886,남,30,505,협재해수욕장,문화관광/명소,관광지,해수욕장,5.0
h_h000898,여,50,505,협재해수욕장,문화관광/명소,관광지,해수욕장,5.0
h_h000899,여,50,505,협재해수욕장,문화관광/명소,관광지,해수욕장,5.0
h_h000899,여,50,505,협재해수욕장,문화관광/명소,관광지,해수욕장,4.0
h_h000912,여,30,505,협재해수욕장,문화관광/명소,관광지,해수욕장,3.0
h_h000926,여,40,505,협재해수욕장,문화관광/명소,관광지,해수욕장,4.0
h_h001024,여,60,505,협재해수욕장,문화관광/명소,관광지,해수욕장,5.0
h_h001041,여,50,505,협재해수욕장,문화관광/명소,관광지,해수욕장,3.0
h_h001054,남,20,505,협재해수욕장,문화관광/명소,관광지,해수욕장,5.0
h_h001078,여,30,505,협재해수욕장,문화관광/명소,관광지,해수욕장,5.0
h_h001103,남,20,505,협재해수욕장,문화관광/명소,관광지,해수욕장,5.0
h_h001168,여,20,505,협재해수욕장,문화관광/명소,관광지,해수욕장,5.0
h_h001187,여,20,505,협재해수욕장,문화관광/명소,관광지,해수욕장,5.0
h_h001214,여,30,505,협재해수욕장,문화관광/명소,관광지,해수욕장,3.0
h_h001215,여,30,505,협재해수욕장,문화관광/명소,관광지,해수욕장,5.0
h_h001247,여,20,505,협재해수욕장,문화관광/명소,관광지,해수욕장,4.0
h_h001255,여,20,505,협재해수욕장,문화관광/명소,관광지,해수욕장,4.0
h_h001258,여,30,505,협재해수욕장,문화관광/명소,관광지,해수욕장,5.0
h_h001261,여,40,505,협재해수욕장,문화관광/명소,관광지,해수욕장,4.0
h_h001314,여,20,505,협재해수욕장,문화관광/명소,관광지,해수욕장,5.0
h_h001330,여,40,505,협재해수욕장,문화관광/명소,관광지,해수욕장,5.0
h_h001338,여,20,505,협재해수욕장,문화관광/명소,관광지,해수욕장,4.0
h_h001406,여,40,505,협재해수욕장,문화관광/명소,관광지,해수욕장,4.0
h_h001416,남,20,505,협재해수욕장,문화관광/명소,관광지,해수욕장,5.0
h_h001447,여,30,505,협재해수욕장,문화관광/명소,관광지,해수욕장,5.0
h_h001461,남,20,505,협재해수욕장,문화관광/명소,관광지,해수욕장,5.0
h_h001462,여,20,505,협재해수욕장,문화관광/명소,관광지,해수욕장,4.0
h_h001473,여,30,505,협재해수욕장,문화관광/명소,관광지,해수욕장,4.0
h_h001482,남,50,505,협재해수욕장,문화관광/명소,관광지,해수욕장,4.0
h_h001492,여,50,505,협재해수욕장,문화관광/명소,관광지,해수욕장,4.0
h_h001526,남,30,505,협재해수욕장,문화관광/명소,관광지,해수욕장,5.0
h_h001529,여,30,505,협재해수욕장,문화관광/명소,관광지,해수욕장,5.0
h_h001557,여,20,505,협재해수욕장,문화관광/명소,관광지,해수욕장,5.0
h_h001562,여,20,505,협재해수욕장,문화관광/명소,관광지,해수욕장,4.0
h_h001581,남,30,505,협재해수욕장,문화관광/명소,관광지,해수욕장,5.0
h_h001595,남,40,505,협재해수욕장,문화관광/명소,관광지,해수욕장,4.0
h_h001610,여,40,505,협재해수욕장,문화관광/명소,관광지,해수욕장,4.0
h_h001617,남,20,505,협재해수욕장,문화관광/명소,관광지,해수욕장,5.0
h_h001645,남,20,505,협재해수욕장,문화관광/명소,관광지,해수욕장,5.0
h_h001697,여,20,505,협재해수욕장,문화관광/명소,관광지,해수욕장,5.0
h_h001731,여,30,505,협재해수욕장,문화관광/명소,관광지,해수욕장,5.0
h_h001752,남,30,505,협재해수욕장,문화관광/명소,관광지,해수욕장,4.0
h_h001755,여,20,505,협재해수욕장,문화관광/명소,관광지,해수욕장,5.0
h_h001863,여,20,505,협재해수욕장,문화관광/명소,관광지,해수욕장,5.0
h_h001913,여,30,505,협재해수욕장,문화관광/명소,관광지,해수욕장,5.0
h_h001938,여,40,505,협재해수욕장,문화관광/명소,관광지,해수욕장,4.0
h_h002028,남,20,505,협재해수욕장,문화관광/명소,관광지,해수욕장,4.0
h_h002090,남,20,505,협재해수욕장,문화관광/명소,관광지,해수욕장,4.0
h_h002114,남,20,505,협재해수욕장,문화관광/명소,관광지,해수욕장,4.0
h_h002183,여,20,505,협재해수욕장,문화관광/명소,관광지,해수욕장,5.0
h_h002246,여,30,505,협재해수욕장,문화관광/명소,관광지,해수욕장,4.0
h_h002265,남,50,505,협재해수욕장,문화관광/명소,관광지,해수욕장,5.0
h_h002295,여,20,505,협재해수욕장,문화관광/명소,관광지,해수욕장,4.0
h_h002308,여,40,505,협재해수욕장,문화관광/명소,관광지,해수욕장,5.0
h_h002308,여,40,505,협재해수욕장,문화관광/명소,관광지,해수욕장,5.0
h_h002311,여,30,505,협재해수욕장,문화관광/명소,관광지,해수욕장,5.0
h_h002327,남,40,505,협재해수욕장,문화관광/명소,관광지,해수욕장,4.0
h_h002345,여,20,505,협재해수욕장,문화관광/명소,관광지,해수욕장,4.0
h_h002371,남,30,505,협재해수욕장,문화관광/명소,관광지,해수욕장,5.0
h_h002378,남,30,505,협재해수욕장,문화관광/명소,관광지,해수욕장,5.0
h_h002395,남,20,505,협재해수욕장,문화관광/명소,관광지,해수욕장,4.0
h_h002428,남,60,505,협재해수욕장,문화관광/명소,관광지,해수욕장,5.0
h_h002442,여,30,505,협재해수욕장,문화관광/명소,관광지,해수욕장,3.0
h_h002476,남,40,505,협재해수욕장,문화관광/명소,관광지,해수욕장,4.0
h_h002489,남,40,505,협재해수욕장,문화관광/명소,관광지,해수욕장,5.0
h_h002496,남,30,505,협재해수욕장,문화관광/명소,관광지,해수욕장,5.0
h_h002503,여,20,505,협재해수욕장,문화관광/명소,관광지,해수욕장,4.0
h_h002527,여,20,505,협재해수욕장,문화관광/명소,관광지,해수욕장,3.0
h_h002533,여,30,505,협재해수욕장,문화관광/명소,관광지,해수욕장,5.0
h_h002550,여,30,505,협재해수욕장,문화관광/명소,관광지,해수욕장,4.0
h_h002629,여,40,505,협재해수욕장,문화관광/명소,관광지,해수욕장,4.0
h_h002632,남,30,505,협재해수욕장,문화관광/명소,관광지,해수욕장,5.0
h_h002633,남,20,505,협재해수욕장,문화관광/명소,관광지,해수욕장,5.0
h_h002667,남,30,505,협재해수욕장,문화관광/명소,관광지,해수욕장,5.0
h_h002795,여,20,505,협재해수욕장,문화관광/명소,관광지,해수욕장,4.0
h_h002820,여,20,505,협재해수욕장,문화관광/명소,관광지,해수욕장,5.0
h_h002842,여,20,505,협재해수욕장,문화관광/명소,관광지,해수욕장,4.0
h_h002982,여,30,505,협재해수욕장,문화관광/명소,관광지,해수욕장,5.0
h_h003036,남,20,505,협재해수욕장,문화관광/명소,관광지,해수욕장,4.0
h_h003038,여,40,505,협재해수욕장,문화관광/명소,관광지,해수욕장,4.0
h_h003056,여,30,505,협재해수욕장,문화관광/명소,관광지,해수욕장,5.0
h_h003056,여,30,505,협재해수욕장,문화관광/명소,관광지,해수욕장,4.0
h_h003092,여,20,505,협재해수욕장,문화관광/명소,관광지,해수욕장,4.0
h_h003092,여,20,505,협재해수욕장,문화관광/명소,관광지,해수욕장,4.0
h_h003190,여,20,505,협재해수욕장,문화관광/명소,관광지,해수욕장,4.0
h_h003308,여,30,505,협재해수욕장,문화관광/명소,관광지,해수욕장,5.0
h_h003330,남,30,505,협재해수욕장,문화관광/명소,관광지,해수욕장,5.0
h_h003331,여,40,505,협재해수욕장,문화관광/명소,관광지,해수욕장,5.0
h_h003344,남,20,505,협재해수욕장,문화관광/명소,관광지,해수욕장,5.0
h_h003347,남,30,505,협재해수욕장,문화관광/명소,관광지,해수욕장,5.0
h_h003431,여,20,505,협재해수욕장,문화관광/명소,관광지,해수욕장,4.0
h_h003444,남,40,505,협재해수욕장,문화관광/명소,관광지,해수욕장,4.0
h_h003524,여,60,505,협재해수욕장,문화관광/명소,관광지,해수욕장,5.0
h_h003561,남,20,505,협재해수욕장,문화관광/명소,관광지,해수욕장,3.0
h_h003565,여,30,505,협재해수욕장,문화관광/명소,관광지,해수욕장,5.0
h_h003596,남,30,505,협재해수욕장,문화관광/명소,관광지,해수욕장,4.0
h_h003599,남,30,505,협재해수욕장,문화관광/명소,관광지,해수욕장,4.0
h_h003638,여,30,505,협재해수욕장,문화관광/명소,관광지,해수욕장,3.0
h_h003675,여,20,505,협재해수욕장,문화관광/명소,관광지,해수욕장,5.0
h_h003729,여,20,505,협재해수욕장,문화관광/명소,관광지,해수욕장,5.0
h_h003731,남,30,505,협재해수욕장,문화관광/명소,관광지,해수욕장,4.0
h_h003763,여,60,505,협재해수욕장,문화관광/명소,관광지,해수욕장,5.0
h_h003961,남,30,505,협재해수욕장,문화관광/명소,관광지,해수욕장,5.0
h_h003978,여,40,505,협재해수욕장,문화관광/명소,관광지,해수욕장,5.0
h_h004118,여,30,505,협재해수욕장,문화관광/명소,관광지,해수욕장,4.0
h_h004124,여,20,505,협재해수욕장,문화관광/명소,관광지,해수욕장,5.0
h_h004143,남,30,505,협재해수욕장,문화관광/명소,관광지,해수욕장,5.0
h_h004146,여,20,505,협재해수욕장,문화관광/명소,관광지,해수욕장,5.0
h_h004179,남,30,505,협재해수욕장,문화관광/명소,관광지,해수욕장,5.0
h_h004206,여,20,505,협재해수욕장,문화관광/명소,관광지,해수욕장,5.0
h_h004208,여,40,505,협재해수욕장,문화관광/명소,관광지,해수욕장,4.0
h_h004218,여,20,505,협재해수욕장,문화관광/명소,관광지,해수욕장,3.0
h_h004226,여,30,505,협재해수욕장,문화관광/명소,관광지,해수욕장,5.0
h_h004233,여,20,505,협재해수욕장,문화관광/명소,관광지,해수욕장,4.0
h_h004325,여,50,505,협재해수욕장,문화관광/명소,관광지,해수욕장,5.0
h_h004327,여,20,505,협재해수욕장,문화관광/명소,관광지,해수욕장,5.0
h_h004328,남,30,505,협재해수욕장,문화관광/명소,관광지,해수욕장,5.0
h_h004330,여,30,505,협재해수욕장,문화관광/명소,관광지,해수욕장,3.0
h_h004362,남,20,505,협재해수욕장,문화관광/명소,관광지,해수욕장,5.0
h_h004363,남,30,505,협재해수욕장,문화관광/명소,관광지,해수욕장,4.0
h_h004365,남,30,505,협재해수욕장,문화관광/명소,관광지,해수욕장,5.0
h_h004376,여,50,505,협재해수욕장,문화관광/명소,관광지,해수욕장,4.0
h_h004386,여,30,505,협재해수욕장,문화관광/명소,관광지,해수욕장,4.0
h_h004474,남,20,505,협재해수욕장,문화관광/명소,관광지,해수욕장,5.0
h_h004530,남,20,505,협재해수욕장,문화관광/명소,관광지,해수욕장,5.0
h_h004530,남,20,505,협재해수욕장,문화관광/명소,관광지,해수욕장,5.0
h_h004530,남,20,505,협재해수욕장,문화관광/명소,관광지,해수욕장,5.0
h_h004543,여,20,505,협재해수욕장,문화관광/명소,관광지,해수욕장,5.0
h_h004579,여,20,505,협재해수욕장,문화관광/명소,관광지,해수욕장,5.0
h_h004593,여,30,505,협재해수욕장,문화관광/명소,관광지,해수욕장,5.0
h_h004636,여,20,505,협재해수욕장,문화관광/명소,관광지,해수욕장,5.0
h_h004703,남,20,505,협재해수욕장,문화관광/명소,관광지,해수욕장,5.0
h_h004712,여,20,505,협재해수욕장,문화관광/명소,관광지,해수욕장,4.0
h_h004732,여,20,505,협재해수욕장,문화관광/명소,관광지,해수욕장,3.0
h_h004757,여,30,505,협재해수욕장,문화관광/명소,관광지,해수욕장,3.0
h_h004860,여,20,505,협재해수욕장,문화관광/명소,관광지,해수욕장,4.0
h_h004876,여,20,505,협재해수욕장,문화관광/명소,관광지,해수욕장,5.0
h_h004968,여,30,505,협재해수욕장,문화관광/명소,관광지,해수욕장,5.0
h_h004997,여,30,505,협재해수욕장,문화관광/명소,관광지,해수욕장,5.0
h_h005028,여,20,505,협재해수욕장,문화관광/명소,관광지,해수욕장,5.0
h_h005058,남,30,505,협재해수욕장,문화관광/명소,관광지,해수욕장,5.0
h_h005061,남,30,505,협재해수욕장,문화관광/명소,관광지,해수욕장,5.0
h_h005062,남,30,505,협재해수욕장,문화관광/명소,관광지,해수욕장,3.0
h_h005063,여,20,505,협재해수욕장,문화관광/명소,관광지,해수욕장,4.0
h_h005113,여,30,505,협재해수욕장,문화관광/명소,관광지,해수욕장,5.0
h_h005138,여,30,505,협재해수욕장,문화관광/명소,관광지,해수욕장,5.0
h_h005161,여,20,505,협재해수욕장,문화관광/명소,관광지,해수욕장,5.0
h_h005184,여,30,505,협재해수욕장,문화관광/명소,관광지,해수욕장,5.0
h_h005233,남,30,505,협재해수욕장,문화관광/명소,관광지,해수욕장,5.0
h_h005238,여,30,505,협재해수욕장,문화관광/명소,관광지,해수욕장,4.0
h_h005271,여,20,505,협재해수욕장,문화관광/명소,관광지,해수욕장,4.0
h_h005342,여,30,505,협재해수욕장,문화관광/명소,관광지,해수욕장,5.0
h_h005342,여,30,505,협재해수욕장,문화관광/명소,관광지,해수욕장,5.0
h_h005428,여,20,505,협재해수욕장,문화관광/명소,관광지,해수욕장,5.0
h_h005535,여,50,505,협재해수욕장,문화관광/명소,관광지,해수욕장,5.0
h_h005590,여,30,505,협재해수욕장,문화관광/명소,관광지,해수욕장,4.0
h_h005641,여,20,505,협재해수욕장,문화관광/명소,관광지,해수욕장,5.0
h_h005644,여,20,505,협재해수욕장,문화관광/명소,관광지,해수욕장,4.0
h_h005771,여,30,505,협재해수욕장,문화관광/명소,관광지,해수욕장,4.0
h_h005844,여,20,505,협재해수욕장,문화관광/명소,관광지,해수욕장,5.0
h_h006215,남,30,505,협재해수욕장,문화관광/명소,관광지,해수욕장,5.0
h_h006458,남,30,505,협재해수욕장,문화관광/명소,관광지,해수욕장,5.0
h_h006536,남,30,505,협재해수욕장,문화관광/명소,관광지,해수욕장,5.0
h_h000478,여,60,506,혼인지,문화관광/명소,관광지,유명관광지,4.0
h_h000034,여,20,508,화순금모래해수욕장,문화관광/명소,관광지,해수욕장,5.0
h_h000097,남,50,508,화순금모래해수욕장,문화관광/명소,관광지,해수욕장,4.0
h_h000630,여,30,508,화순금모래해수욕장,문화관광/명소,관광지,해수욕장,5.0
h_h001742,여,40,508,화순금모래해수욕장,문화관광/명소,관광지,해수욕장,3.0
h_h002492,남,30,508,화순금모래해수욕장,문화관광/명소,관광지,해수욕장,4.0
h_h002592,남,50,508,화순금모래해수욕장,문화관광/명소,관광지,해수욕장,5.0
h_h003120,남,20,508,화순금모래해수욕장,문화관광/명소,관광지,해수욕장,3.0
h_h004324,남,30,508,화순금모래해수욕장,문화관광/명소,관광지,해수욕장,2.0
h_h000052,남,40,509,화조원,문화관광/명소,관광지,동물원,4.0
h_h000192,여,40,509,화조원,문화관광/명소,관광지,동물원,3.0
h_h000221,남,40,509,화조원,문화관광/명소,관광지,동물원,5.0
h_h000742,여,40,509,화조원,문화관광/명소,관광지,동물원,5.0
h_h000869,남,40,509,화조원,문화관광/명소,관광지,동물원,5.0
h_h000884,여,30,509,화조원,문화관광/명소,관광지,동물원,5.0
h_h001085,여,40,509,화조원,문화관광/명소,관광지,동물원,4.0
h_h001742,여,40,509,화조원,문화관광/명소,관광지,동물원,2.0
h_h002246,여,30,509,화조원,문화관광/명소,관광지,동물원,3.0
h_h002502,여,30,509,화조원,문화관광/명소,관광지,동물원,5.0
h_h003596,남,30,509,화조원,문화관광/명소,관광지,동물원,4.0
h_h004611,여,30,509,화조원,문화관광/명소,관광지,동물원,4.0
h_h000534,여,30,513,훈데르트바서파크,문화관광/명소,관광지,테마공원/대형놀이공원,4.0
h_h002006,여,40,513,훈데르트바서파크,문화관광/명소,관광지,테마공원/대형놀이공원,5.0
h_h003353,여,20,513,훈데르트바서파크,문화관광/명소,관광지,테마공원/대형놀이공원,3.0
h_h004947,여,50,513,훈데르트바서파크,문화관광/명소,관광지,테마공원/대형놀이공원,5.0
h_h000078,여,40,519,ICC제주국제컨벤션센터,전시/공연,전시/기념관,컨벤션센터,4.0
h_h000870,남,30,519,ICC제주국제컨벤션센터,전시/공연,전시/기념관,컨벤션센터,5.0
h_h002119,남,30,519,ICC제주국제컨벤션센터,전시/공연,전시/기념관,컨벤션센터,4.0
h_h002873,여,30,519,ICC제주국제컨벤션센터,전시/공연,전시/기념관,컨벤션센터,3.0
h_h006612,남,50,519,ICC제주국제컨벤션센터,전시/공연,전시/기념관,컨벤션센터,4.0
